,description,size,TNR,prevalence_threshold_UB,FNR,prevalence_LB,R2_LB,fp,jaccard_UB,recall,ConfusionMatrix,tn,AP,accuracy_LB,p,explained_variance,recall_UB,phi_UB,R2,prevalence_threshold_LB,AP_LB,tp,FNR_UB,jaccard_complement,TPR_LB,balanced_informedness_markedness_LB,markedness_UB,sensitivity_LB,LR-,balanced_informedness_markedness_UB,pn,explained_variance_UB,phi_LB,R2_UB,markedness,accuracy,FNR_LB,explained_variance_LB,phi,specificity_LB,F1_complement_LB,n,markedness_LB,NPV_LB,TPR,balanced_accuracy,LR+_LB,balanced_accuracy_LB,specificity_UB,F1,specificity,AUC_LB,jaccard_LB,prevalence,informedness_LB,balanced_informedness_markedness,prevalence_threshold,NPV,pp,prevalence_UB,informedness,jaccard_complement_UB,precision,LR-_UB,jaccard,FPR_UB,LR+_UB,sensitivity,balanced_accuracy_UB,AUC_UB,TPR_UB,F1_complement_UB,LR-_LB,FPR,jaccard_complement_LB,DOR,fn,LR+,AP_UB,DOR_LB,FPR_LB,DOR_UB,F1_complement,accuracy_UB,sensitivity_UB,informedness_UB,AUC,precision_LB,recall_LB,precision_UB,NPV_UB,degree,DisparateImpact,TPR_Disparity_UB,EqualOpportunityDifference_LB,DisparateImpact_LB,AverageOddsDifference_LB,TPR_Disparity,StatisticalParityDifference_UB,AverageOddsDifference_UB,StatisticalParityDifference_LB,AverageOddsDifference,EqualOpportunityDifference_UB,predicted_prevalence,EqualOpportunityDifference,DisparateImpact_UB,StatisticalParityDifference,TPR_Disparity_LB,Hispanic,age_first_child,age_group,bmi,density,ethnicity,hrt,lastmamm,menopause,nrelbc,rstproc,surgmeno,FNR_CI_diff,recall_CI_diff,AP_CI_diff,explained_variance_CI_diff,R2_CI_diff,jaccard_complement_CI_diff,LR-_CI_diff,markedness_CI_diff,accuracy_CI_diff,phi_CI_diff,TPR_CI_diff,balanced_accuracy_CI_diff,specificity_CI_diff,prevalence_CI_diff,balanced_informedness_markedness_CI_diff,prevalence_threshold_CI_diff,NPV_CI_diff,informedness_CI_diff,precision_CI_diff,jaccard_CI_diff,sensitivity_CI_diff,FPR_CI_diff,DOR_CI_diff,LR+_CI_diff,F1_complement_CI_diff,AUC_CI_diff,DisparateImpact_CI_diff,TPR_Disparity_CI_diff,AverageOddsDifference_CI_diff,EqualOpportunityDifference_CI_diff,StatisticalParityDifference_CI_diff
0,Hispanic:no,32139,0.6965716620054677,0.39079813827342824,0.23734177215189872,0.008782484349552127,-33.36126828698573,9656,8.496661408593992e-05,0.7626582278481012,True,22167,0.020904961544303477,0.6932122965867016,316,-20.971713795093667,0.8084926244274868,0.11218934542860672,-30.100088921435294,0.37929187820511123,0.018621883231100405,241,0.28817556559327734,0.6949338516521412,0.7118244344067226,0.6956158303762153,-0.9696187705148456,0.7118244344067226,0.34072843484413196,0.8511741958491891,22242,-18.87110338720086,0.09102829714958104,-26.362111931378422,-0.9722771877012485,0.6972214443510999,0.19150737557251313,-23.03625369808469,0.09815344442386584,0.6914870442237887,0.8165274911584307,31823,-0.9745531838984676,0.9957749777223607,0.7626582278481012,0.7296149449267845,2.3786258623629872,0.7040371076738907,0.7016203775978331,0.047194751786938216,0.6965716620054677,0.7059878466738619,7.456719372793078e-05,0.009832290986029434,2.4226544597788675,0.7705967409054924,0.38678840546789967,0.9966280010790397,9897,0.010972054328105127,2.513470669512233,0.6992618201474902,0.02435081337779125,0.37997033868586877,7.898283221293509e-05,0.3085129557762113,2.6404963673572457,0.7626582278481012,0.7603522034934579,0.753242043179707,0.8084926244274868,0.8227793965924384,0.29407681792879253,0.3034283379945323,0.6919642195012238,7.37675642087821,75,2.513470669512233,0.023559721289754722,5.5939738716980845,0.2983796224021669,8.919339444841706,0.820012947378156,0.7004029372413578,0.8084926244274868,2.673121467472365,0.7296149449267846,0.021404219192858252,0.7118244344067226,0.027581649643667848,0.9973468131484278,1,4.925405920505332,0.4576228635600995,-0.16717673094779062,-0.3086013735075852,-0.022883096363797872,0.13765822784810122,0.2591743181305969,0.37710609626256714,0.233835122497033,0.1900575784776378,0.573692493056927,0.3079436199010548,0.13765822784810122,10.127420953224075,0.2454221496159294,-0.23706032894168116,no,,,,,,,,,,,,-0.0929726018981569,-0.09958114957136333,-0.005364714301739421,-4.695465601182541,-6.945026915697468,0.01088876296428376,-0.09984689559107929,-0.0048537210688834875,0.01250077174580333,-0.025692315824337036,-0.09958114957136333,-0.0477898449385441,0.010449059428550456,-0.002703432110455482,-0.08534718518463791,-0.017935939399099488,-0.0012437255224312382,-0.12219598807911014,-0.00609856921449849,-1.0871574457093952e-05,-0.09958114957136333,-0.030088044272595316,-2.549547520865765,-0.09657212484768207,0.007875383857046447,-0.038624685104579615,,,,,
1,Hispanic:yes,2911,0.9390285911126421,0.30421996850258287,0.375,0.001187199676627598,-45.55820698118045,177,0.004526948630779668,0.625,True,2726,0.018200903356348223,0.9316300240467194,8,-20.258353427488803,0.9147665858624069,0.18646129467238629,-21.562004822597316,0.20651841569149904,0.01203228445574572,5,0.7551367836335001,0.93805918788713,0.2448632163664999,2.356944410268233,-0.9496838846940758,0.2448632163664999,0.3993488628026412,7.0864734389990405,2729,-12.885216154574833,0.03276258004519919,-12.79506175501131,-0.9714281687531963,0.938165578838887,0.08523341413759308,-45.62744562170049,0.12196414311437259,0.9297005967899076,0.963276310816848,2903,-0.9920445667161528,0.9967907609824272,0.625,0.7820142955563211,3.7152541231608938,0.607411586589834,0.9474588815815531,0.052631578947368425,0.9390285911126421,0.6026431289749473,0.0018173272357723581,0.0027481964960494676,2.4356647398843956,4.639639022968034,0.23800046806430902,0.9989006962257237,182,0.005407824010880974,10.250706214689265,0.9486068378257525,0.027472527472527472,0.8008532914855945,0.0035310734463276836,0.07029940321009243,14.322456515540345,0.625,0.91578787700981,0.9613854621376946,0.9147665858624069,0.9717274019359514,0.0,0.06097140888735791,0.9302251248674251,25.66854990583804,3,10.250706214689265,0.040286850491511934,8.741928104575164,0.05254111841844692,,0.9680397727272727,0.9477585022329097,0.9147665858624069,15.378198529411762,0.7820142955563212,0.008979166888092818,0.2448632163664999,0.06294423448331152,0.9997732397334641,1,0.20302895155033293,0.40497278133797215,-0.8901515118724548,-5.017621139598211,-0.5831185431063439,-0.13765822784810122,-0.2313848982620073,0.06737821743700603,-0.26629547012912963,-0.1900575784776378,0.6134484672653923,0.06252147028512539,-0.13765822784810122,5.292371534489855,-0.2454221496159294,-0.6227230625383858,yes,,,,,,,,,,,,-0.5599338199383797,-0.2058551110062834,-0.022091843503496633,-10.68135283380857,-20.51207709206458,-0.23845625471397858,-0.5207298483908049,-0.02478860688965323,-0.23485479324574854,-0.0999642650681166,-0.2058551110062834,-0.20322551845489623,-0.23538944455516952,0.0028607982067686702,-6.32064642833449,0.06864223037174588,-0.0036701521074675725,-12.827273050018507,-0.04146115405414216,-0.004452853591150822,-0.2058551110062834,0.20812550829352355,,-11.778532273030782,-0.1410726214864666,-0.24676810406256722,,,,,
2,age_first_child:<30,25929,0.6686123433730251,0.40503808960195403,0.22943722943722944,0.0078012292619099,-39.85172820154294,8516,9.710717432159675e-05,0.7705627705627706,True,17182,0.017820460781877878,0.6623259670639053,231,-24.363408946878476,0.8231591574307691,0.09712185146243424,-36.42868816917382,0.38750908026481357,0.015592814133587108,178,0.28911906054203995,0.6672362238359676,0.7108809394579602,0.6149916461505079,-0.974369605928867,0.7108809394579602,0.3431543430379422,0.7267728100711213,17235,-21.93907015114633,0.07793172111302092,-32.186260044377,-0.9764509721599063,0.6695206139843418,0.17684084256923088,-27.14090071412311,0.08741337996278087,0.6628189546930807,0.7963222286197853,25698,-0.9794558223733629,0.9959795498713913,0.7705627705627706,0.7195875569678978,2.1403749586858147,0.6901769957406593,0.6743675832382093,0.03988795518207283,0.6686123433730251,0.6922655652062388,8.293993408635145e-05,0.008908943653823904,2.212223676689327,0.6744049788050914,0.396058328023404,0.9969248621990137,8694,0.010128716303605682,2.325260929770089,0.6709039780884498,0.02047389003910743,0.4200879891769788,9.048412054518208e-05,0.33718104530691934,2.4293995354262847,0.7705627705627706,0.7471902564931713,0.746909548729557,0.8231591574307691,0.804193598357925,0.26964240844577714,0.33138765662697484,0.6627051264882922,6.776137259941331,53,2.325260929770089,0.02055338529152053,5.35989813992803,0.3256324167617906,9.150898043068569,0.8004099410709711,0.6758523275097381,0.8231591574307691,2.4646260623541725,0.7195875569678978,0.01760114676584913,0.7108809394579602,0.023673948947078263,0.9976956880001405,1,2.2081397228449307,0.19881728571499796,-0.08814876912509811,-0.5210887849716479,0.05551761003188189,0.03937997486384581,0.1992962673403494,0.1772314690876663,0.166141081517256,0.11244407272370009,0.1738543200685556,0.33530024297119054,0.03937997486384581,4.866679410916548,0.18345285781605405,-0.1540648337026379,,<30,,,,,,,,,,,-0.09391609684691951,-0.11424768257464557,-0.002358378303505229,-1.6274988372370736,-1.1208788026988898,0.03924660502332411,-0.13996454608218933,-0.00010288565486205048,0.03705138147742304,-0.01062482185816456,-0.11424768257464557,-0.03462789793825749,0.037701853788174255,-0.001860094085956037,0.0390542005934299,-0.03217589072762528,-0.0015926003741439931,0.08629941703908228,-0.0021908685179089053,-2.3012134692750784e-05,-0.11424768257464557,-0.058756133803303356,-2.7811061190926285,0.11452470708327889,0.026461182091559787,-0.032292190654429564,,,,,
3,age_first_child:Nulliparous,5841,0.8499826569545612,0.3162670209962619,0.2,0.010112713940554378,-14.21718237985212,865,0.001005433573177064,0.8,True,4901,0.05445994530740294,0.8385850025680535,75,-9.215238755925537,0.883517851409248,0.22781286408840193,-10.885952133194587,0.2930733713308733,0.03837680587851346,60,0.3083260893701276,0.8477772011762671,0.6916739106298723,1.852118046368425,-0.9203040179797033,0.6916739106298723,0.23529891858804328,2.506315103698173,4916,-7.682158752258632,0.15446210291184365,-8.774343529755674,-0.9320838739471774,0.8493408662900188,0.1164821485907521,-12.878127329352118,0.2004439331929314,0.8405021730018887,0.9137750183717344,5766,-0.9503007100537672,0.9949723945566511,0.8,0.8249913284772806,4.454817547425474,0.7614870465738908,0.8591075102280415,0.12000000000000001,0.8499826569545612,0.7791906092095904,0.0008451850546447902,0.012840267077555213,4.954631484507306,2.2003164445293013,0.3021816687135892,0.9969487388120423,925,0.01606913667888192,5.33271676300578,0.8572170796572416,0.06486486486486487,0.31053691778756426,0.0009248554913294798,0.15949782699811085,5.909998146968516,0.8,0.8603609651093622,0.8707920477449707,0.883517851409248,0.9223025902392266,0.15264450063820517,0.1500173430454388,0.8395713808924681,22.663583815028897,15,5.33271676300578,0.07090874221097744,13.040460785316737,0.1408924897719584,40.88704163303735,0.9176184235161954,0.853668036295155,0.883517851409248,5.740252394207933,0.8249913284772806,0.049860140313942744,0.6916739106298723,0.08270865753859181,0.9982912576358136,1,0.5053128089551919,0.21554614141759837,-0.1069082483624779,-2.039428067208726,-0.16204263857322146,0.053012048192771166,-0.1413050258485382,0.010589838819925212,-0.16917519331971728,-0.05331955852454143,0.1886279311294522,0.1583632939565143,0.053012048192771166,2.992114440681446,-0.15503326189955743,-0.0989968875954437,,Nulliparous,,,,,,,,,,,-0.11312312567500718,-0.1746063765531245,-0.05271373522296214,-15.88441023612477,-24.532795317320215,-0.14706649654546766,-0.030413474692774778,-0.05416847360402577,-0.14076432730799382,-0.14131583448413226,-0.1746063765531245,-0.14779860655444843,-0.14703807320165796,-0.007800514461232276,-1.7404880930336217,0.05659517787806684,-0.002188170009817081,-3.189326914814678,-0.06122557710942246,-0.0009313385335482181,-0.1746063765531245,0.11892708450550513,-34.51724970906141,-3.3660739044589527,-0.09164780978974174,-0.15617468966984327,,,,,
4,age_first_child:>=30,3280,0.8614347026364194,0.4265011358322376,0.5555555555555556,0.0032555669131898836,-49.708335974465626,452,0.0013812747469101492,0.4444444444444444,True,2810,0.010778249086838694,0.848079268292683,18,-21.481027317937183,0.6924283410013173,0.11768685366102703,-24.808297567954213,0.30251302010928155,0.005766202716119569,8,0.7846984926126321,0.85880195599022,0.21530150738736786,0.38112352389192106,-0.9643622919082715,0.21530150738736786,0.6449189402926058,1.8510813895447344,2820,-14.603336066077135,0.018839133149856382,-17.428477825853328,-0.9790625963613938,0.8591463414634146,0.3075716589986827,-32.59355620155038,0.06507656655055548,0.849101192119516,0.9168045417760594,3262,-0.990451486830068,0.993488297026283,0.4444444444444444,0.652939573540432,1.7760568425109087,0.5343151291576915,0.8731161893096767,0.03347280334728033,0.8614347026364194,0.534686433182752,0.0006528050042200987,0.00548780487804878,1.4369132784165168,1.1142051816619776,0.3583019743072366,0.9964539007092199,460,0.008659281365492957,3.207472959685349,0.8737420111163652,0.017391304347826087,0.8511364394157516,0.000983284169124877,0.15089880788048404,4.367255289217197,0.4444444444444444,0.7322227577166253,0.7711927138981117,0.6924283410013173,0.9288248895782977,0.3508660178293392,0.13856529736358061,0.8487249846465182,4.9734513274336285,10,3.207472959685349,0.018434390011014015,1.94680822379508,0.12688381069032317,10.922473355966503,0.9240381453469255,0.8694969512195122,0.6924283410013173,4.800051921079958,0.652939573540432,0.007537478961152916,0.21530150738736786,0.03397911524860222,0.9982982380348431,1,0.463202908876994,0.032487028379706406,-0.6158907968630596,-2.2336616239978957,-0.42358646204367945,-0.33333333333333337,-0.14318913334941502,-0.036745051526112085,-0.1847246779408933,-0.24645915147076503,-0.10973096509775306,0.1402439024390244,-0.33333333333333337,3.0763093932474836,-0.16252600627989283,-0.7009773029387358,,>=30,,,,,,,,,,,-0.5894955289175117,0.016483133854806153,-0.0002393830229987133,-8.963232922306267,-15.878661021222563,-0.16359142800459125,-0.571012996320962,-0.010110199675457565,-0.15659324223235105,-0.031189824056757354,0.016483133854806153,-0.019660399161711473,-0.16104675228329313,-0.00039065914784331204,-1.0852543788801832,-0.053638936957908834,-0.0021951504088465468,-2.249126441686703,-0.012496034819432861,-0.0013071797072813033,0.016483133854806153,0.12752610362313194,-4.552681431990562,-1.8233310467076334,-0.09817010912881285,-0.05657535582298434,,,,,
5,age_group:45-49,2561,0.8804091266719118,0.302927776402815,0.15789473684210525,0.004472446191960909,-24.043909248314705,304,0.003333188153310104,0.8421052631578947,True,2238,0.04327668057296697,0.8683033971105037,19,-13.402791005838747,0.9661737509982353,0.24138940711351986,-15.278665783262245,0.2527907432869421,0.029908118173187972,16,0.3957845512666835,0.8793713163064834,0.6042154487333166,2.4118507206043645,-0.925241143058979,0.6042154487333166,0.17934245802172993,3.751207297444648,2241,-8.888469969647455,0.1326009113851875,-10.807998098099032,-0.9486613119143239,0.880124951190941,0.033826249001764654,-26.941393748631803,0.18750599480042146,0.8671585091591062,0.9281506422817021,2542,-0.965506973420462,0.9960928165997234,0.8421052631578947,0.8612571949149033,5.15599581339713,0.7845295449236693,0.8927762151409748,0.0943952802359882,0.8804091266719118,0.7767947745235562,0.0024216688397201993,0.00741897696212417,5.719532284181353,3.0464449673115355,0.2737032382451262,0.998661311914324,320,0.01156150618596658,7.041551246537395,0.889893931303791,0.05,0.3327694806569224,0.002770083102493075,0.13284149084089386,8.301880323841067,0.8421052631578947,0.940547703180212,0.9457196153062504,0.9661737509982353,0.9433107877196667,0.0,0.11959087332808813,0.8710447650758417,39.263157894736835,3,7.041551246537395,0.061789585391400774,21.70796031612578,0.10722378485902474,,0.9358143424628893,0.8894670050761422,0.9661737509982353,8.495339961822324,0.8612571949149033,0.028845901428540755,0.6042154487333166,0.07992853850509977,0.9997238452045638,1,0.41597901859651654,0.4118495059532441,-0.28951547234411534,-2.4802077869019317,-0.20024372506006027,0.08800690250215704,-0.14983368388159854,0.07182333187905118,-0.1935369363627577,-0.04424051054373897,0.41230949401794936,0.12495119094103865,0.08800690250215704,3.2344359712787187,-0.17542739873546723,-0.26097996235605264,,,45-49,,,,,,,,,,-0.20058158757156305,-0.25726227614211183,-0.04359457840338547,-14.678099018735947,-22.499140748976856,-0.1797433481920171,-0.05264603756213293,-0.049231348524750085,-0.17656329608898103,-0.15489237750925017,-0.25726227614211183,-0.22798534462529818,-0.18070677811459124,-0.0032928839683169352,-2.9853802867800967,0.06993442247151377,-0.0036207575785672796,-5.944414482429069,-0.05844545807593042,-0.003259093113681258,-0.25726227614211183,0.14558342066272212,,-5.757956081331503,-0.11265600727018188,-0.231102257231123,,,,,
6,age_group:60-64,5405,0.6124437781109445,0.4153730288668553,0.14492753623188406,0.00994588433702295,-39.94394027094041,2068,0.00045500916278654177,0.855072463768116,True,3268,0.025568650919466192,0.6072617946345976,69,-18.00198270430002,0.9282508601079361,0.1261321491968274,-29.50537231384307,0.39351237166701686,0.020674527748417566,59,0.2504199467162966,0.6112981668537224,0.7495800532837034,0.48936035319760807,-0.9637805046352883,0.7495800532837034,0.23663810689514486,0.772171826683118,3278,-15.065484894357427,0.08667982894669309,-23.64789554409268,-0.9692107603997875,0.615541165587419,0.0717491398920639,-25.26997130663353,0.10743380054081801,0.5992194954162264,0.7510732476505569,5336,-0.9742954796171442,0.9943969421457597,0.855072463768116,0.7337581209395303,2.0405780874371073,0.6884955545369165,0.6255449564688693,0.05373406193078324,0.6124437781109445,0.69141546457489,0.00037435718666336914,0.01276595744680851,2.026457806396891,0.6185538718955286,0.4023548804993231,0.9969493593654668,2127,0.016128696438343516,2.2063185041908446,0.6254703812949501,0.02773859896567936,0.31831307201170217,0.0004134779805455106,0.4007805045837736,2.45847727904294,0.855072463768116,0.7603930236341672,0.7761007773041706,0.9282508601079361,0.7661036041167324,0.1255928844926215,0.3875562218890555,0.5965589745557365,9.323597678916826,10,2.2063185041908446,0.033916602099429455,5.488386931958271,0.3744550435311307,20.86176728465049,0.758764801485953,0.6261887141535616,0.9282508601079361,2.436605948944361,0.7337581209395303,0.021181472297546494,0.7495800532837034,0.035636311748878574,0.9985361598760873,1,1.4670566181548124,0.25502780313356455,-0.035315462119667955,-0.7397430070751918,0.02831015642556991,0.12173913043478268,0.1454127529787364,0.19659683046234128,0.10132786115261887,0.12254492012244989,0.2741458678522298,0.3935245143385754,0.12173913043478268,3.652045944006458,0.12528366427954352,-0.05865309870462631,,,60-64,,,,,,,,,,-0.05521698302117614,-0.21933938525181262,-0.015721595111414154,-8.501084094025975,-9.65924330298321,0.08468020181682379,-0.03818962891691269,-0.010691986948440757,0.08671499483359957,-0.03963511959255771,-0.21933938525181262,-0.047830665079253376,0.08652448055751427,-0.007860074220693871,-0.006344816018566846,-0.04251082999252653,-0.0024330722500908175,0.11431953044889376,-0.014153231319709216,-0.0003809141231576958,-0.21933938525181262,-0.12235559308015764,-14.49197536067455,0.0854469634666235,0.06455117633275242,-0.06148341922904321,,,,,
7,age_group:50-54,6776,0.7694708680142688,0.37615012266394365,0.22916666666666666,0.005227538390349467,-44.71063220624671,1551,0.0005508242909151948,0.7708333333333334,True,5177,0.019583599125475703,0.7627582644628099,48,-24.430142687277044,0.8796698331742108,0.1377646353884697,-31.77383075703527,0.3347543786242501,0.01386946724874066,37,0.3731202473158602,0.7682148686748775,0.6268797526841396,0.9446581347909626,-0.9685319779204994,0.6268797526841396,0.29782370742386194,1.4221529158094806,5188,-18.653034010171936,0.07087358866454625,-24.848884646647978,-0.9745799743255604,0.7694805194805194,0.1203301668257892,-33.13700601865829,0.10697362721242247,0.7592171183011787,0.8631481646057535,6728,-0.9818009074742927,0.9962094119425489,0.7708333333333334,0.770152100673801,2.730934623756387,0.7233096922948878,0.7794905583178662,0.045232273838630814,0.7694708680142688,0.7098623768578045,0.000416942061798323,0.0070838252656434475,2.9136580222541277,1.1845883708857907,0.3535325085197561,0.9978797224363917,1588,0.009381274586216983,3.343756716097142,0.7774411393520433,0.023299748110831235,0.4942651712033217,0.0004969911884805502,0.24078288169882142,3.827280761659904,0.7708333333333334,0.8353740897658937,0.8304418244897975,0.8796698331742108,0.8721794299245433,0.17310058071047368,0.23052913198573127,0.7561207911839297,11.227302033878438,11,3.343756716097142,0.027278575622536078,6.292919638691797,0.2205094416821338,22.809617589725924,0.8689157435381001,0.7780548996458088,0.8796698331742108,3.735390024831956,0.7701521006738011,0.016456984067961426,0.6268797526841396,0.031973694738513886,0.9989411047538134,1,0.7803788913520073,0.17075492828847286,-0.17925160978103716,-1.3331326775071193,-0.12761915758032893,0.013586956521739135,-0.044673605209678675,0.06301530937112147,-0.08624574891553788,-0.02584537741924145,0.210780137423858,0.23435655253837073,0.013586956521739135,2.844339679537637,-0.06595468747011762,-0.2919560811659907,,,50-54,,,,,,,,,,-0.17791728362073975,-0.17075835831808728,-0.009083568634520776,-4.913534978211466,-8.458254200427913,-0.06729055624026936,-0.21414172810853221,-0.005940513663229674,-0.0651511906586476,-0.05126760578420002,-0.17075835831808728,-0.12281173121097988,-0.06742112129148259,-0.0011126523685673385,-0.6563259051449294,-0.0032879237896148994,-0.0028380171278168387,-1.184464545438701,-0.010490614309344528,-0.00047672925128634883,-0.17075835831808728,0.03764202980479456,-16.439825665749986,-1.2833565191503404,-0.04152464947505852,-0.11582446641467015,,,,,
8,age_group:70-74,3925,0.7721324095458044,0.3943364667285838,0.35714285714285715,0.0047454123851308795,-51.678097745805054,888,0.000902353947354458,0.6428571428571429,True,3009,0.015319766916341768,0.7542292993630573,28,-24.237050478389975,0.8135933399995547,0.13140759157578047,-31.301862238351852,0.35192033257579014,0.010797475384116389,18,0.5593496872537332,0.7701561300230356,0.4406503127462668,0.533342252084198,-0.9693646060999916,0.4406503127462668,0.462540948582823,1.2305472087283211,3019,-18.355863592033995,0.05910475991633149,-23.568033145985424,-0.9768200952466608,0.7712101910828025,0.18640666000044526,-35.94232624572184,0.08288686741895629,0.7586332077552911,0.8616452709203306,3897,-0.9853556991060449,0.9939169244348142,0.6428571428571429,0.7074947762014736,2.0485941736289743,0.6171645666835094,0.7852223379127836,0.03854389721627409,0.7721324095458044,0.6168871785259761,0.0004766076575657896,0.0071337579617834395,2.158161198088342,0.922183581720299,0.37318459321697034,0.996687644915535,906,0.0102938807979458,2.821187258687259,0.7795449752298771,0.019867549668874173,0.7263462476388632,0.000723938223938224,0.24136679224470933,3.4986233960299398,0.6428571428571429,0.78405691717327,0.7981023738769711,0.8135933399995547,0.8764604546658874,0.26445540585303595,0.22786759045419552,0.7588388970885808,6.099324324324324,10,2.821187258687259,0.02386820474871284,3.2438833479498186,0.21477766208721613,15.79734249078624,0.8701561596298439,0.7861273885350318,0.8135933399995547,3.334116956549315,0.7074947762014736,0.011816228618702998,0.4406503127462668,0.031218099483998635,0.9984104894183617,1,0.7832249311014533,0.3166268997663046,-0.5683958653720123,-1.3277698015266275,-0.269922937295444,-0.12741312741312738,-0.03975182358294111,0.07265318559390727,-0.09101542202043349,-0.09484721137414301,0.29192821017752163,0.230828025477707,-0.12741312741312738,2.8629123869995197,-0.06388683396004399,-0.3527589058668144,,,70-74,,,,,,,,,,-0.3641467235586128,-0.10468186514343125,-0.0056731977606975376,-5.210705396349407,-9.739105701090466,-0.06939439211810317,-0.44622280454407376,-0.005107885483737418,-0.07322367954787068,-0.04491056197151079,-0.10468186514343125,-0.07149455861835619,-0.07315290088640003,-0.002025258580296155,-0.46472019806376996,-0.021474267854255047,-0.0023074017923652157,-0.7831914771560604,-0.009735019054829278,-0.000828258907725612,-0.10468186514343125,0.03705811925890665,-9.4275505668103,-0.9546991535203762,-0.04580567421640258,-0.08348501580184375,,,,,
9,age_group:55-59,7640,0.6645544554455446,0.40954718976136406,0.24615384615384617,0.006572143312036327,-50.00480105401846,2541,0.00032345776297937215,0.7538461538461538,True,5034,0.016356195099650597,0.6592048429319372,65,-25.72730134551917,0.8522769454002584,0.09537058054116412,-38.676019294237115,0.3848467682793504,0.012695588747637864,49,0.3687285825938409,0.6631537346858122,0.6312714174061591,0.46974882868048,-0.9695008094346506,0.6312714174061591,0.3704043274961034,0.7991613620254882,5050,-21.141932112927826,0.05999125534387538,-31.953605808431405,-0.9779127642493979,0.6653141361256545,0.14772305459974155,-31.866379861665084,0.08117919382459113,0.6537942405784833,0.7892761459173327,7575,-0.9833435004165592,0.9948599379163549,0.7538461538461538,0.7092003046458493,1.973810079360292,0.676837876387322,0.6751879136557314,0.036911487758945385,0.6645544554455446,0.656164888877608,0.0002545823206753753,0.008507853403141362,1.9760146813059265,0.6346926960698338,0.4001441935716591,0.9968316831683168,2590,0.01083127511223607,2.2472981563890655,0.6714228158476174,0.01891891891891892,0.5088007643794578,0.0002966730239457512,0.34620575942151655,2.532586668734443,0.7538461538461538,0.7539937445297825,0.7622357204140903,0.8522769454002584,0.8062845172274025,0.24679402621955998,0.33544554455445547,0.6548414163869386,6.0671487603305785,16,2.2472981563890655,0.020039225964467115,3.3108952875194717,0.32481208634426845,9.969995851088159,0.7974653465346534,0.6749509162303665,0.8522769454002584,2.4999112601115505,0.709200304645849,0.014028272952140519,0.6312714174061591,0.02493542437864583,0.9981879821471538,1,1.240770931747016,0.12905094101585757,-0.27947959236333275,-0.8541326053012273,-0.06479558020204114,-0.0067716067716068196,0.08496800272981048,0.1336132734126519,0.046662776601868634,0.03005093891094479,0.18534248560958633,0.3390052356020942,-0.0067716067716068196,3.312279181102162,0.06578378357728576,-0.15886822477491447,,,55-59,,,,,,,,,,-0.17352561889872045,-0.14336547054413495,-0.0018442189764518134,-2.424636875455576,-1.3535330386444855,0.0387277672641565,-0.22867732128466828,-0.004971682149078505,0.03795279275679464,-0.008873550936894445,-0.14336547054413495,-0.04143138597486873,0.0368815233706522,-0.002562652894586426,-0.03333435136093699,-0.03668499088703531,-0.0020848945211572323,0.05101421928170424,-0.0034523439494764732,-0.00024936272335052617,-0.14336547054413495,-0.06778084791790057,-3.6002039271122186,0.011337573775120457,0.024370263222082356,-0.04761836233896288,,,,,
10,age_group:75-79,3008,0.7391887361716393,0.4195273732475886,0.32,0.005385565015516327,-46.87899114008693,778,0.0010833320959011028,0.68,True,2205,0.01720045497122976,0.727659574468085,25,-22.753107609788806,0.8505045773864304,0.13044606381030918,-30.703493127723775,0.3578206575758417,0.009161448232376858,17,0.5350007174973845,0.7372116349047142,0.46499928250261535,0.5970250892920624,-0.9635505488395305,0.46499928250261535,0.43290702947845805,1.103949978376398,2213,-17.274342888765883,0.05758198578381615,-21.661534372697,-0.9750013499418815,0.7386968085106383,0.14949542261356957,-33.27503294196314,0.08630420654364741,0.723034844158605,0.837205591291066,2983,-0.9859880585813736,0.9928894938504688,0.68,0.7095943680858197,2.004281754829277,0.6435925057264323,0.7548721869734066,0.04146341463414634,0.7391887361716393,0.6159493200214676,0.0005858903886454,0.008311170212765957,1.9805379015187325,0.8161240036922983,0.382453358833401,0.9963849977406236,795,0.012244632348947444,2.607249357326478,0.755230918098257,0.021383647798742137,0.6126805018960753,0.0008740359897172238,0.27696515584139525,3.1627030699142336,0.68,0.8016430498023671,0.8032394161501715,0.8505045773864304,0.8567128762421857,0.28550279701163617,0.26081126382836073,0.7207694627327942,6.022654241645244,8,2.607249357326478,0.026352066793678016,3.0932188360522153,0.24512781302659334,15.152199561532447,0.848729792147806,0.7519697473404255,0.8505045773864304,3.0893621316000925,0.7095943680858198,0.012504921576762524,0.46499928250261535,0.034017092053083765,0.9984380463099825,1,0.9121657914096089,0.3307925051955183,-0.43199345396033584,-1.1731178657994743,-0.1604111191197559,-0.08588628762541806,0.0031630461113414006,0.17767742563306918,-0.04736799820943094,-0.055167383051223734,0.27877151579952675,0.26429521276595747,-0.08588628762541806,2.961045829852838,-0.02544949730207824,-0.3175403440615708,,,75-79,,,,,,,,,,-0.33979775380226407,-0.14159310253030688,-0.008157059805662715,-6.292226099617519,-11.645604474378889,-0.04508033498648312,-0.3325570588012858,-0.010921942744198554,-0.03906603835326439,-0.0439490342060395,-0.14159310253030688,-0.08908069124745333,-0.042802749947023044,-0.003976010131297799,-0.3381229677118468,-0.04666517437325984,-0.0023349586839859215,-0.5384366522068378,-0.012534011623914407,-0.0010092370562722569,-0.14159310253030688,0.0014597556622207297,-8.782407637556506,-0.6187788274046699,-0.026058095792700908,-0.08862205807504409,,,,,
11,age_group:80-84,1337,0.7849056603773585,0.5070127071700357,0.5,0.004646031245715265,-42.86976729012614,285,0.0024113335371048787,0.5,True,1040,0.01479693728843618,0.7645100972326103,12,-18.57396226415094,0.7890553617607032,0.1096784123957978,-23.46962264150943,0.36208192567964215,0.006081865712378906,6,0.7890553617607032,0.7813673929376409,0.2109446382392967,0.052463313518776346,-0.9495413770477239,0.2109446382392967,0.6370192307692307,1.2087265110322853,1046,-11.558425840779517,0.005421809489419096,-14.10158774448898,-0.9736453056316651,0.7823485415108452,0.2109446382392967,-34.6980685331984,0.0651159383163334,0.7617845368794378,0.8609847202906048,1325,-0.9941932920736741,0.9875569344859646,0.5,0.6424528301886793,1.4242424519410457,0.5121393962121967,0.8067555826802715,0.0396039603960396,0.7849056603773585,0.4943011151023595,0.0010293262180286937,0.008975317875841436,0.6557996497538812,0.6754580489385533,0.3960943136114938,0.994263862332696,291,0.015625538976141672,2.324561403508772,0.7978608711862301,0.020618556701030927,0.9825626581873839,0.0017543859649122807,0.23821546312056224,3.4796119669363805,0.5,0.7984953307379777,0.790604545274999,0.7890553617607032,0.8898934622754131,0.2461085928261727,0.21509433962264152,0.7658344506865357,3.649122807017544,6,2.324561403508772,0.03364988132762792,1.361375699440448,0.19324441731972855,21.225563755637552,0.8772669759595109,0.800168287210172,0.7890553617607032,3.3774657967276127,0.6424528301886794,0.00760333884196254,0.2109446382392967,0.04433540973514334,0.9978921162996268,1,0.7496611789992721,0.33269674433134316,-0.7912412756341423,-1.420134218683789,-0.39348065699097073,-0.2692307692307693,-0.03189702777349239,0.09104949630942347,-0.11400690781000954,-0.16999806720369262,0.15269584231603503,0.21765145848915482,-0.2692307692307693,2.862928499425523,-0.07268164743437619,-0.7987133052465503,,,80-84,,,,,,,,,,-0.5938523980655828,-0.08014388690457974,-0.015454874339612616,-12.008143147603885,-19.20555110258691,-0.08771028807445613,-0.7024392150925944,-0.02493111453600516,-0.08726457822301081,-0.02318138279152812,-0.08014388690457974,-0.08593297218306395,-0.09468614565388789,-0.007356916758492028,-0.4428995003677342,-0.1341505082957069,-0.0017890286736302885,-0.826540317334358,-0.022852329305973983,-0.0023372384974760328,-0.08014388690457974,0.040209448383053736,-14.855771831661611,-0.9356877244268169,-0.059238681825928285,-0.07598718719987163,,,,,
12,age_group:65-69,4398,0.6732718894009216,0.41524977005775754,0.2413793103448276,0.010028876833999268,-29.902567035645784,1418,0.0005966465980371275,0.7586206896551724,True,2922,0.026014530746246385,0.6619031377899045,58,-16.188622278722384,0.8612988000078775,0.1286649706041254,-24.019609089464478,0.38255697661542215,0.020374489738704114,44,0.3716897161915581,0.6711070280202113,0.628310283808442,0.5214283152685614,-0.9570566612172882,0.628310283808442,0.3585168401425571,0.8432512091760389,2936,-13.243770056602974,0.08073305515853142,-17.753660607477595,-0.9651358483955016,0.6743974533879036,0.13870119999212258,-18.442953671001412,0.1045882488395029,0.6590898147081999,0.7897013021572112,4340,-0.970676676352335,0.992012377794344,0.7586206896551724,0.7159462895280471,2.1033499976490413,0.6645321548406435,0.6872204136480337,0.05789473684210526,0.6732718894009216,0.6599649745700408,0.00046212182731400915,0.01318781264211005,1.999894368463289,0.6783678279543819,0.3962328009993687,0.9952316076294278,1462,0.017015336197237656,2.3218715043042653,0.6822719603501002,0.030095759233926128,0.5601797218651575,0.0005349934341714897,0.3409101852917997,2.585326484235952,0.7586206896551724,0.7466305528677947,0.7719276044860531,0.8612988000078775,0.8109767413573639,0.18961339843242855,0.32672811059907836,0.6571552554670307,6.476324803546241,14,2.3218715043042653,0.03270533221689512,4.254773099054542,0.3127795863519667,10.21879724763559,0.8031885651456844,0.6847601182355616,0.8612988000078775,2.6288305684045445,0.715946289528047,0.021950974977489913,0.628310283808442,0.040193155298422246,0.9973906976793059,1,1.1824829066858804,0.2132903091224253,-0.19806397442700097,-0.9159461308919599,-0.0715904778879679,-0.0007778065854291416,0.0852971868737221,0.12386875438133442,0.025292082432424867,0.024506778413722535,0.15704664014700476,0.3324238290131878,-0.0007778065854291416,3.2343260151207534,0.05130024817017592,-0.20176118124405745,,,65-69,,,,,,,,,,-0.17648675249643767,-0.15238732515175402,-0.014510325228879815,-10.322798931780428,-15.553478239598295,0.027878622761673744,-0.28005627877036804,-0.0174158303664409,0.028143590751599556,-0.04216794099985573,-0.15238732515175402,-0.034068194312880884,0.024849023378349933,-0.008746713979588011,-0.07742419851148774,-0.042387571183428785,-0.0012876100533093515,-0.07790508901128979,-0.01871007486925289,-0.0005225515584082815,-0.15238732515175402,-0.06248527378818375,-3.84900532365965,-0.0414022417263884,0.019678039092120958,-0.05731024641092575,,,,,
13,"bmi:[25,30[",14829,0.714334354783793,0.3886487460597242,0.2222222222222222,0.008195425259563903,-34.30379028304595,4195,0.00020989922395852018,0.7777777777777778,True,10490,0.022383406523034784,0.7076994402859262,144,-20.446493965875995,0.8427610960774533,0.12005881143938087,-28.64201140619681,0.36848756837472174,0.017826242411747864,112,0.29898422120287155,0.7127811374600802,0.7010157787971286,0.7783071059979892,-0.966650670305066,0.7010157787971286,0.31108992691452175,0.9870133361635153,10522,-18.085150936566123,0.09198726448061326,-24.828661753912446,-0.9709545738456737,0.7149504349585272,0.15723890392254658,-24.198803573175084,0.1063030460508926,0.7069521536047529,0.8265121804129973,14685,-0.97558423330966,0.9957093554174594,0.7777777777777778,0.7460560662807854,2.460638079662517,0.7062677906946152,0.7216315555610658,0.050325769490002246,0.714334354783793,0.7117908072666145,0.00017381226385564366,0.009710702002832288,2.4543195248013925,0.8758655815714024,0.3773504760725368,0.9969587530887664,4307,0.011422705073325686,2.7226857369884785,0.7179712914414588,0.02600417924309264,0.4198793232428894,0.00018540590650245,0.29304784639524706,2.972560589001586,0.7777777777777778,0.7831666009813335,0.7803213252949565,0.8427610960774533,0.8376885113531797,0.24538161437520212,0.285665645216207,0.7076772005201024,8.752085816448153,32,2.7226857369884785,0.025910387543632167,6.08411102053297,0.2783684444389342,13.824966251917399,0.8323084857380888,0.7203048081462,0.8427610960774533,2.9304929150646677,0.7460560662807855,0.021458825309488963,0.7010157787971286,0.031206710700925993,0.9979188876625454,1,1.017511469514302,0.22082343759206635,-0.08234400934819029,-1.0277176630323321,-0.03924999911234067,0.033333333333333326,0.016152465807344116,0.08516173451090522,-0.00834569305624158,0.018837845644212814,0.18757722771001328,0.29044439948749073,0.033333333333333326,3.015988348322356,0.004998575838808694,-0.11033993576385479,,,,"[25,30[",,,,,,,,,-0.1037812575077511,-0.13384962122132982,-0.007715380555616866,-5.481418051817279,-8.478477093163445,-0.007820708329684845,-0.13975588014809992,-0.007821821278663044,-0.00740109915903886,-0.03356178183511119,-0.13384962122132982,-0.07060424242641972,-0.009562118534682251,-0.003154082855676041,-0.2211863254989641,-0.01578654718539546,-0.001815800036548909,-0.37956743567141293,-0.009723630271756635,-0.0001358041843296742,-0.13384962122132982,-0.014622934891631079,-7.455174327941458,-0.4286363464920222,-0.007033730903694857,-0.06570396721982907,,,,,
14,"bmi:[30,35[",11493,0.670963781461019,0.4221635917818649,0.3,0.006301497984497862,-51.66146766984249,3752,0.00020931249006553057,0.7,True,7651,0.013908889096434448,0.6620290611676672,90,-27.799849942023055,0.7921181003136439,0.08493137263851239,-41.32029290537578,0.3940238945814877,0.010809537706668482,63,0.4057212150429163,0.6693788276465442,0.5942787849570839,0.47515472754024035,-0.9765050739834955,0.5942787849570839,0.4471180237877402,0.7051461407826164,7678,-23.108338250577145,0.05194218718732708,-36.436765498788134,-0.9799696977662857,0.6711911598364222,0.20788189968635606,-33.63504479524077,0.06943700843297937,0.6622530910538457,0.7970702022271169,11403,-0.9837755379600308,0.9948877117348769,0.7,0.6854818907305095,1.8280341210679423,0.6485391087968695,0.6795871108738717,0.032266325224071704,0.670963781461019,0.6376841485794477,0.00016762383041189562,0.007830853563038372,1.8831788270512972,0.5737278376840214,0.40674056440844814,0.9964834592341756,3815,0.00961680038213002,2.1274253731343284,0.6753499868754922,0.01651376146788991,0.530089075641202,0.00018656716417910445,0.33774690894615417,2.3034235945608628,0.7,0.7224098884101685,0.7332796328815713,0.7921181003136439,0.8075827445978501,0.3084580751593743,0.32903621853898096,0.6632688193110046,4.758084577114428,27,2.1274253731343284,0.018865870903191508,3.5481959292789114,0.32041288912612836,7.0456070487426095,0.8019495833551701,0.676507439310885,0.7921181003136439,2.3694483745942305,0.6854818907305095,0.012712352238739814,0.5942787849570839,0.021079406406009603,0.997681337380501,1,1.2483298874021713,0.10445773451025803,-0.23652970110618537,-0.8421335421762768,-0.06985124548832572,-0.08205128205128209,0.08219529907180453,0.0809475507141719,0.05131049244305657,-0.00687240762975172,0.08204307846472504,0.33194118158879315,-0.08205128205128209,3.3035027206691296,0.06603295897980221,-0.30061784746865317,,,,"[30,35[",,,,,,,,,-0.21051825134779587,-0.08320662545752044,-0.0006708639151762064,-0.45823073780625734,3.1296266517122433,0.03480059623628173,-0.24996563254641252,0.002032582399766447,0.03639626967627618,0.0015656569657572922,-0.08320662545752044,-0.009847529855254722,0.0324823261525119,-0.0013481781644803757,0.060680869881934774,-0.04930139290753616,-0.0015782497545044905,0.18147710479902424,0.00040367402315975506,-0.00013521745043668462,-0.08320662545752044,-0.05932199744253819,-0.675815124766669,0.24050064794870085,0.023072035851634753,-0.01866227480644389,,,,,
15,bmi:>=35,5572,0.7642468239564428,0.3552612041508506,0.12903225806451613,0.00854140202505149,-26.11554981913994,1299,0.0007367170535509126,0.8709677419354839,True,4211,0.03619721216359008,0.7545944005743,62,-15.439093144429492,0.9426099943929915,0.18000565827678924,-20.31785024296002,0.3330704199753291,0.028689137564542545,54,0.238508136381676,0.7631388184124683,0.761491863618324,1.1918508743803025,-0.9478978695857624,0.761491863618324,0.16883584467715124,1.5348628131016129,4219,-12.808541809051862,0.1237424169945305,-16.4837891336713,-0.9581925078661677,0.7654343144292893,0.05739000560700841,-18.285489119255832,0.15539549756389917,0.7528100893003656,0.858131967973056,5510,-0.9659240116275651,0.9962671985622508,0.8709677419354839,0.8176072829459633,3.3324216514562814,0.7845353694184448,0.7754030535718659,0.07632508833922261,0.7642468239564428,0.7751722689998951,0.0006184333742852205,0.011127063890882987,3.3857981308948784,1.3681063088323189,0.3422215645551805,0.9981038160701589,1353,0.014241980976995094,3.6944051255308055,0.7769381827105281,0.03991130820399113,0.26761007821964117,0.000670490948372197,0.24718991069963492,4.180250609473548,0.8709677419354839,0.854048817016238,0.8600422968920317,0.9426099943929915,0.8703207655179759,0.07984366699376504,0.23575317604355717,0.755031154813756,21.881639722863742,8,3.6944051255308055,0.04600609693028679,10.394735472321829,0.2245969464281338,58.26931559448495,0.8656593688971118,0.7702171572146447,0.9426099943929915,3.9410650663944096,0.8176072829459634,0.030122249427332274,0.761491863618324,0.05175707891236666,0.9991810180579409,1,0.8202939240256817,0.31990657132679856,-0.05541331919425661,-1.25789649945744,-0.053516432686940396,0.13814331445456784,-0.025246783127545448,0.13878475049324376,-0.07519631455551767,0.04089813572003731,0.2906365721390147,0.24282124910265615,0.13814331445456784,2.8878126420644277,-0.05319611978261421,-0.03772788659112708,,,,>=35,,,,,,,,,-0.043305172686555565,-0.23369851953686804,-0.027811089942271487,-10.75802717933154,-16.82334971340459,-0.06678759959875413,0.012513364875148314,-0.026574621997966674,-0.05731344822748352,-0.09350862867251956,-0.23369851953686804,-0.14148645846132424,-0.06333361654548231,-0.005973358759345449,-0.7690358024370617,0.017600994723478147,-0.0030779304319443757,-1.3901395870011548,-0.0302739984831973,-0.0006626220139220667,-0.23369851953686804,0.03123500080398106,-51.89952367050901,-1.6363263669639845,-0.03966598506849106,-0.14542493881690433,,,,,
16,bmi:4,3156,0.8123401534526854,0.3974840983533616,0.39285714285714285,0.005903238137564575,-32.59380409747497,587,0.001225594712445408,0.6071428571428571,True,2541,0.020573882487802363,0.7957382762991128,28,-16.76023017902813,0.784957170839039,0.15648667547304257,-20.548319327731093,0.32220233477516413,0.009421458492585952,17,0.594231793512454,0.8094934692577254,0.40576820648754597,0.6403570332075168,-0.9582038450633183,0.40576820648754597,0.4836116264687693,1.511658148591984,2552,-12.623423826086213,0.04396138122527102,-13.910497604867494,-0.9675439598081754,0.8105196451204055,0.21504282916096096,-23.296420886384894,0.09999262273645465,0.7982079880172606,0.8895276058560776,3128,-0.9822636632529042,0.9923007196414977,0.6071428571428571,0.7097415052977712,2.2736448175574946,0.6291448617490475,0.8258856755073188,0.05379746835443039,0.8123401534526854,0.6173793595264144,0.0006724861953161783,0.008871989860583017,2.1697565518708157,1.1338965525855689,0.3573082048440944,0.9956896551724138,604,0.012797147921320789,3.2353370649793134,0.8235930638503759,0.028145695364238412,0.6860956882626307,0.0010343149184716474,0.20179201198273947,3.8156990790243506,0.6071428571428571,0.7588035653859907,0.8021036510691281,0.784957170839039,0.9026246477776643,0.3013239428451613,0.18765984654731457,0.7984524569240588,6.689948892674616,11,3.2353370649793134,0.03942322846497606,3.382666662482322,0.17411432449268097,13.30865038981529,0.894718309859155,0.8176647655259822,0.784957170839039,3.9774782809477154,0.7097415052977712,0.016479555866702203,0.40576820648754597,0.04468240710202295,0.9978463873228679,1,0.6442133424293802,0.26518237531276523,-0.503596282128621,-1.599475798523612,-0.2571894215988841,-0.1665057915057916,-0.07652567171264728,0.07199084167306431,-0.1222335229115617,-0.13572970075317992,0.060665265675889535,0.19138149556400508,-0.1665057915057916,2.8597329370386877,-0.10569632471567136,-0.5521757749780086,,,,4,,,,,,,,,-0.39902882981733356,-0.07604569598291555,-0.02122822147696076,-10.943145162297188,-19.396641242208396,-0.11344248073860197,-0.4059722451678412,-0.016268646520410712,-0.10476105653882106,-0.06998964586877289,-0.07604569598291555,-0.04624120683107691,-0.11381623848093525,-0.004528525703671144,-0.7458311379274328,-0.02462189947903287,-0.0017432996968713699,-1.4265528015544606,-0.023199326672853595,-0.001151499672816562,-0.07604569598291555,0.07663289952087651,-6.938858465839349,-1.271774836514787,-0.07196986732817945,-0.08748629299400068,,,,,
17,density:4,1969,0.8952234206471494,0.396930858500758,0.5454545454545454,0.007015053441950187,-15.26565217391304,204,0.0031093358395989975,0.45454545454545453,True,1743,0.027334905996212317,0.8794946673438294,22,-8.068496988373722,0.6778952454468308,0.20409562426628716,-8.929121725731896,0.29284722257328505,0.01291828202462755,10,0.7561381340769835,0.889739663093415,0.24386186592301654,0.5031128349056018,-0.9161346122006716,0.24386186592301654,0.6092943201376936,2.651635273644171,1755,-6.085089997282788,0.05194299280923664,-6.107040692476547,-0.9464334211997764,0.8902996444895886,0.32210475455316917,-12.370262760688874,0.11812179269581127,0.8807623973971339,0.9356851539600798,1947,-0.9714506640821948,0.9880865680385155,0.45454545454545453,0.674884437596302,1.6850943440220727,0.5496300172617571,0.9084811855231495,0.08474576271186442,0.8952234206471494,0.5681852507868059,0.0014435817805383024,0.0111731843575419,2.3692559051405766,1.6959009364589352,0.32437590048828946,0.9931623931623932,214,0.0168677237865591,4.338235294117647,0.9007424921155445,0.04672897196261682,0.89249570998447,0.0022281639928698753,0.11923760260286614,6.490557346696319,0.45454545454545453,0.7490264123715253,0.7815836244057981,0.6778952454468308,0.9484814352361781,0.41040404135799996,0.10477657935285054,0.8760430179536773,7.120098039215686,12,4.338235294117647,0.05420745916845648,4.274807587176251,0.09151881447685017,15.449992918232823,0.9416531604538088,0.8998603351955308,0.6778952454468308,5.83312447786132,0.674884437596302,0.022632722108416752,0.24386186592301654,0.08425529018716416,0.9964620646989485,1,0.3644597701267775,0.010698413495252745,-0.6787708980543739,-2.814850098771331,-0.4232073154775841,-0.32691149909692957,-0.16006093124414794,-0.07227892706486964,-0.2178501447740414,-0.25794503392860013,0.208526766950345,0.10868461147790756,-0.32691149909692957,3.465056520347835,-0.189522818769062,-0.8227206912830772,,,,,4,,,,,,,,-0.560935170381863,0.031016229409292717,-0.036012452180441176,-17.481478991100616,-27.200098154599345,-0.19059190900377054,-0.6123722668896805,-0.058337879383057456,-0.18695662620836961,-0.11759859466201748,0.031016229409292717,-0.03646405381661155,-0.1964117484967659,-0.008599101568909456,-1.8858082629796198,-0.024068659626429234,-0.00035897707295196035,-3.2821989984680653,-0.0627722097579948,-0.0030352407999701516,0.031016229409292717,0.15918730890074984,-9.080200994256883,-3.946633104186755,-0.1178266547866933,-0.06696626633067071,,,,,
18,density:2,16326,0.7283151470316257,0.3843193387921099,0.21904761904761905,0.0052632214446178644,-48.294029699778314,4407,0.00018701466259326744,0.780952380952381,True,11814,0.015674354983478377,0.7231455959818694,105,-30.179290807624454,0.8557883214467661,0.11117868512009309,-41.46357895849296,0.3619505191391571,0.011627817609297623,82,0.3103283903372369,0.7272839202166954,0.6896716096627632,0.8300867530802076,-0.9759046770588382,0.6896716096627632,0.30075938958620524,1.06782779560441,11837,-26.146890020075944,0.0733586264727876,-35.9779548022512,-0.9797900655207543,0.7286536812446405,0.14421167855323402,-36.57444146817799,0.09117668974081025,0.7213983448425316,0.8391896532699084,16221,-0.9835946829800466,0.9970858739704869,0.780952380952381,0.7546337639920033,2.5513593811363386,0.7190949976353567,0.7351499943865167,0.03569873748367435,0.7283151470316257,0.7147416069817124,0.00015790389024781588,0.006431459022418228,2.6733350535289104,0.9473444239481063,0.3709984805857934,0.9980569401030667,4489,0.007780395678019531,2.874478913416967,0.732865505911258,0.01826687458231232,0.37695622816652014,0.00017720725685327454,0.27860165515746904,3.1262664694460325,0.780952380952381,0.7979993116252786,0.7945259210022942,0.8557883214467661,0.8461568976420861,0.19548873622290433,0.2716848529683743,0.7203298444716174,9.557403735164414,23,2.874478913416967,0.01880774973060807,7.460807976836701,0.26485000561348326,17.62207589494482,0.8421127664124315,0.7331204826656866,0.8557883214467661,3.0928686627234576,0.7546337639920033,0.014553878848927896,0.6896716096627632,0.022623895582800063,0.9987678803730377,1,0.9209936541184457,0.17365071390713518,-0.15644694942694445,-1.129717534418936,-0.07214500172954863,0.03209393346379652,-0.008976651848776855,0.08283607791772071,-0.03519949676031406,0.005280368628136217,0.18392696350746274,0.27496018620605167,0.03209393346379652,2.9241844356500035,-0.02358713274289087,-0.12417565107500544,,,,,2,,,,,,,,-0.11512542664211647,-0.1468768465906426,-0.000612742742592768,2.5803210316925416,2.670815955175307,-0.02271492279948406,-0.09683278507173065,0.001432185475109149,-0.02021677367852548,-0.02468165551582341,-0.1468768465906426,-0.08543695307036481,-0.023080557360133147,0.0004882265396301136,-0.3020007849398588,-0.011457139917781134,-0.0026647927470411226,-0.5419431833302029,-0.0011408151536307053,-0.00011291962296442147,-0.1468768465906426,-0.000176743653853062,-11.25228397096888,-0.5823422269364689,-0.015502117192601306,-0.07990856292716686,,,,,
19,density:3,13585,0.6247481155310097,0.4180892966179028,0.20430107526881722,0.011805353062495616,-29.886268612368596,5028,0.00016568693794078273,0.7956989247311828,True,8371,0.02554902676555965,0.6212513801987487,186,-16.623490599121908,0.8511823451920352,0.11631635437223835,-26.614647056793682,0.398794516752749,0.022876939507102637,148,0.26946063785089275,0.6229813202351715,0.7305393621491072,0.521050446993786,-0.9634691092620523,0.7305393621491072,0.32701351182975535,0.6499035903741486,8409,-15.132483059160165,0.08637674074974667,-24.012689717087756,-0.9668875237266026,0.6270887007729113,0.1488176548079649,-19.279360053625602,0.10060849563939188,0.6164860774050029,0.7624017526632881,13399,-0.9707937389184156,0.9938025879580825,0.7956989247311828,0.7102235201310962,2.0215147358347583,0.6769548596611086,0.6329559412325557,0.05520328235732936,0.6247481155310097,0.680885990545859,0.00014529272853129363,0.013691571586308428,1.9214235923120433,0.5767759967358553,0.4071374615565385,0.9954810322273754,5176,0.015790107593422004,2.1204395171983133,0.6325256429314702,0.0285935085007728,0.39444085488279207,0.00015825356498233548,0.3835139225949973,2.2676676461039675,0.7956989247311828,0.7378190834309101,0.7395610497163337,0.8511823451920352,0.7727714520590835,0.2726572908865895,0.3752518844689902,0.6177453527309387,6.4842565841812165,38,2.1204395171983133,0.029948271697652046,4.672062704401097,0.3670440587674435,9.637093697123703,0.7676999266324284,0.6354637467795362,0.8511823451920352,2.2426351031378498,0.7102235201310962,0.02422404251769307,0.7305393621491072,0.03350472231267953,0.9968001842343042,1,1.6680291058383954,0.18434956554387985,-0.07130339131096895,-0.6715321948439195,0.020641467795022232,0.08555399719495083,0.16641683041601285,0.18736016976788125,0.1333467151567597,0.11775231017599452,0.21453821272636106,0.3810084652189915,0.08555399719495083,3.951290456764368,0.1525901097566109,-0.057007300871045316,,,,,3,,,,,,,,-0.07425767415577231,-0.14227087033591168,-0.011753264709636745,-8.434085929223237,-9.294449129988134,0.07762494018030375,-0.11431741178800259,-0.011003382321676747,0.07743996220762495,-0.02981932476796867,-0.14227087033591168,-0.025256724875996284,0.07911349579382787,-0.007521485375772359,0.11592342029040259,-0.04522709774357403,-0.0006970966083076346,0.308290376255405,-0.01202164188351017,-9.159189831193676e-05,-0.14227087033591168,-0.1050890110913813,-3.2673017731477625,0.2762565964055961,0.057883328390401334,-0.024943691641206356,,,,,
20,density:1,3170,0.938588160810383,0.32414496888094146,0.45454545454545453,0.0017334608613631037,-32.5349976682784,194,0.0042210914656432745,0.5454545454545454,True,2965,0.01794092342988242,0.9322870662460568,11,-16.125931681487245,0.8325119059362929,0.18152791039500418,-17.15390370945927,0.21752197082081465,0.004391766161259285,6,0.766206402340655,0.9371049304677623,0.23379359765934504,2.0226687967568946,-0.948976212134966,0.23379359765934504,0.4842863713015484,5.1071357608273384,2970,-9.817007503821014,0.05590578601134603,-11.475467660114138,-0.9683164983164982,0.9372239747634069,0.16748809406370718,-30.36076929820675,0.11707431177275456,0.9296437332196391,0.9624894118405743,3159,-0.9846509857115721,0.9960756774829487,0.5454545454545454,0.7420213531324642,3.5689139394496534,0.6320324401703108,0.9467093457027431,0.056872037914691934,0.938588160810383,0.5876574197430531,0.0017001577896903772,0.003470031545741325,5.927732891144351,3.95679770210698,0.25124026868268373,0.9983164983164983,200,0.006200343470391135,8.881911902530458,0.9424399094810487,0.03,0.8586258023609187,0.002811621368322399,0.07035626678036049,13.434850543478259,0.5454545454545454,0.8646593171605128,0.8963852865218753,0.8325119059362929,0.9721425395570439,0.1791690585533871,0.06141183918961697,0.9299753808029199,18.340206185567006,5,8.881911902530458,0.04073735451952534,7.133194300069301,0.053290654297256865,67.57932747831222,0.9675314080600423,0.9460015772870662,0.8325119059362929,12.45113676911848,0.7420213531324642,0.011087455672203695,0.23379359765934504,0.06415062670502639,0.9994531527346207,1,0.2035991969710468,0.3484828618212332,-0.7716594257258639,-5.002075283885673,-0.5515762943995666,-0.22131861748475168,-0.23442095793476683,0.12075552273766399,-0.2651046359289381,-0.23262865128841065,0.27677737526464985,0.06309148264984227,-0.22131861748475168,5.304083872346776,-0.24678932036145007,-0.7395141271550693,,,,,1,,,,,,,,-0.5710034386455345,-0.12360043108016938,-0.02254234753151004,-13.749561484562388,-21.831671186961753,-0.2322893263692748,-0.5785023592661291,-0.025496279448763093,-0.2330978682999051,-0.0950308807907345,-0.12360043108016938,-0.15209695860559902,-0.23463990867635953,0.002068278747258509,-4.341308750162788,0.04871722999338729,-0.003350065108624123,-9.900211289725226,-0.04266754627585703,-0.004146996426014429,-0.12360043108016938,0.20806864472325548,-61.209535554336284,-10.890926300968696,-0.14148775910755906,-0.18176792844674794,,,,,
21,ethnicity:white,32039,0.6918883146350687,0.3944033433813816,0.23127035830618892,0.008544401024537606,-34.89365602109237,9777,8.251174355307123e-05,0.7687296416938111,True,21955,0.020334514728823163,0.6896813258840788,307,-21.718118066165705,0.8147286934455255,0.10611467202406563,-31.388525070100542,0.38005737832798053,0.01785289550503041,236,0.2825387158729808,0.6903436782693456,0.7174612841270194,0.6839669113561526,-0.9710985468003882,0.7174612841270194,0.3342596679467997,0.837879674867251,22026,-19.62282526579486,0.09001391269521418,-27.709590758122378,-0.9732071769879036,0.6926246137519898,0.1852713065544745,-24.644973165532676,0.0968074652889918,0.6867750709551517,0.8142996718976958,31732,-0.9753824919851387,0.9959357534425606,0.7687296416938111,0.7303089781644398,2.3074259856856614,0.7073643253210256,0.696966411409045,0.04573643410852714,0.6918883146350687,0.7065514774192934,7.327522967471679e-05,0.009582071849932894,2.3896507163457765,0.7608817848428598,0.38766486981557724,0.9967765368201217,10013,0.01071005024222894,2.4949707466736233,0.6956895389033251,0.023569359832218115,0.38099464327716626,7.862633135867966e-05,0.3132249290448494,2.581287526344351,0.7687296416938111,0.7448177168279944,0.7540664789095866,0.8147286934455255,0.8196312285407695,0.28628850084251967,0.3081116853649313,0.68472496021605,7.464169284912709,71,2.4949707466736233,0.02259828042358713,6.475245690107119,0.30303358859095375,9.268822580589967,0.8168086610364969,0.6959393239489372,0.8147286934455255,2.6404637264733593,0.7303089781644398,0.020687239606223352,0.7174612841270194,0.02673295162838265,0.9974816162025818,1,14.25778572894588,0.4293972820625246,-0.03265515862347737,-0.16438193201469353,0.07556587815196969,0.180494347576164,0.3010682391980246,0.3554244936530744,0.2784008006429703,0.234950979062398,0.41495994186985996,0.3125253597178439,0.180494347576164,28.78470255605086,0.29060573168728926,-0.014881802496674174,,,,,,white,,,,,,,-0.08733575217786035,-0.10581721858940196,-0.004403273435571828,-3.943743722588543,-5.597548088953513,0.014461044208448848,-0.10087120018237677,-0.0033739447833408542,0.01696438503822395,-0.019617642419795953,-0.10581721858940196,-0.03225535827308057,0.015103025617338561,-0.002441428024579296,-0.07205266420269985,-0.021541144507052856,-0.0013785285765852695,-0.0895382470801045,-0.005249871199213291,-8.41670392422526e-06,-0.10581721858940196,-0.03480001754123341,-2.899030656614027,-0.037363283834787264,0.01102355190871529,-0.03944912083445917,,,,,
22,ethnicity:Native_American,345,1.0,,1.0,7.338225806950283e-05,-0.011730205278592426,0,,0.0,True,344,0.002898550724637681,0.9942028985507246,1,0.0,0.975,0.0,-0.0029069767441856076,,-0.0,0,1.0,0.9971014492753624,0.0,,,0.0,1.0,,345,1.0,0.0,1.0,,0.9971014492753624,0.025000000000000022,0.0,0.0,0.9893338048277102,0.9970930232558141,344,,0.983956904647937,0.0,0.5,,,1.0,,1.0,,,0.002898550724637681,,,,0.9971014492753624,0,0.016043095352063007,,1.0,,,,0.010666195172289882,,0.0,,,0.975,1.0,,0.0,0.991304347826087,,1,,0.008695652173913044,,0.0,,0.9985486211901305,1.0,0.975,,,,0.0,,0.9999266177419305,1,0.0,,,,,-0.7616099071207431,-0.2861835470393315,,-0.29441434951736056,-0.523801288852094,,0.0,-0.7616099071207431,,-0.2904192479469817,,,,,,,Native_American,,,,,,,-0.8047970363048795,-0.2660885251438765,0.009499354814102258,-24.566568988383402,-34.30713884707589,-0.2898494168882261,,,-0.28709629101283884,0.08649702960426968,-0.2660885251438765,,-0.2879305629736164,-0.007774473134413363,,,-0.0038235301159339485,,,,-0.2660885251438765,0.2677587163313261,,,-0.16934521955051518,,,,,,
23,ethnicity:black,803,0.9899749373433584,0.420145236065409,0.4,0.0020247758410532495,-3.7869225967540574,8,0.2046874999999999,0.6,True,790,0.16612702366127022,0.9806351183063512,5,-1.003508771929825,0.9472550494736843,0.6554974966264302,-1.0125313283208022,0.07109683878801866,0.0033935242839352436,3,0.8533672003653274,0.9875,0.14663279963467254,-0.49891394578838144,-0.3377581170638235,0.14663279963467254,0.4040506329113924,70.96470111651328,792,-0.0030322040987033677,0.09628456753806211,0.0630449913807347,-0.7247474747474748,0.987546699875467,0.05274495052631566,-5.771956345092319,0.3992648493653501,0.9803426225333767,0.9889274447949528,798,-0.8990857503152585,0.9909079584796933,0.6,0.7949874686716791,0.0,0.4958432747551168,0.9956622333264327,0.37499999999999994,0.9899749373433584,0.5549169766210589,0.013783482142857148,0.0062266500622665,17.509848484848497,29.562626262626264,0.1144652196250905,0.9974747474747475,11,0.014470672057909527,59.85,0.9935189096336347,0.2727272727272727,,0.075,0.019657377466623296,135.36361111111108,0.6,0.9947289198877806,1.0,0.9472550494736843,0.9956127967211249,,0.010025062656641603,0.9807735246461323,148.125,2,59.85,0.43302617046195785,,0.004337766673567359,,0.9937106918238994,0.9941158156911581,0.9472550494736843,136.98101851851848,0.7949874686716792,0.06021773417275722,0.14663279963467254,0.6097425595724212,0.999694033765072,1,0.04659684011733908,,,-21.73233327287352,-0.5093354064292603,-0.16175548589341693,-0.26397413600210134,0.18325718129382643,-0.2909026188680187,-0.22065712390322614,,0.0136986301369863,-0.16175548589341693,21.251215594059527,-0.28028332448677634,,,,,,,black,,,,,,,-0.658164236670207,-0.23834357461756084,-0.41483116347394255,-23.5635367842847,-33.370183838456626,-0.2833683265218607,,-0.6367143745199055,-0.281212106703997,-0.5690004670221606,-0.23834357461756084,-0.28216656133286677,-0.2835927963000491,-0.006202049840259882,-70.19887410584873,-0.047283037191080235,-0.0035909461390755126,-134.43009303912524,-0.5882594791432518,-0.20461340496037106,-0.23834357461756084,0.2587675340369927,,-132.8196868686015,-0.16495801627164008,-0.2853826419248726,,,,,
24,ethnicity:Asian/Pacific_Islander,1385,0.9687272727272728,0.449472373946602,0.4,0.0034676453513114262,-10.488994041874198,43,0.02566694947209653,0.6,True,1332,0.07635747439770131,0.9584476534296028,10,-3.6235636363636345,0.8784477418801728,0.39391649028185394,-3.734181818181817,0.15286391484067535,0.014916355670852774,6,0.7376219233930549,0.9659173313995649,0.2623780766069451,2.878280339771336,-0.7909893947830621,0.2623780766069451,0.41291291291291293,14.819621296459395,1336,-1.9215935501806396,0.06539789895663954,-2.185488489876414,-0.8745570084321154,0.9660649819494584,0.12155225811982723,-8.903934614819939,0.2606478427799706,0.9581052928334819,0.9755386959510833,1375,-0.9521930766712667,0.9923520311797049,0.6,0.7843636363636364,5.1082908163265355,0.6316015614661903,0.977277247523315,0.20338983050847456,0.9687272727272728,0.6242671025293655,0.006815812140169547,0.007220216606498195,10.803472222222222,9.155744751597895,0.18586711255546498,0.9970059880239521,49,0.013238029790140752,19.186046511627907,0.9745690333088446,0.12244897959183673,0.6097654369304044,0.013953488372093023,0.04189470716651775,29.32700825825825,0.6,0.8822220042458115,0.9444601701979073,0.8784477418801728,0.9879920103387697,0.11905482416272777,0.03127272727272727,0.957038431020168,46.46511627906977,4,19.186046511627907,0.1830764466706895,13.67999723145072,0.02272275247668499,117.01112956810628,0.9826632239026191,0.9742057761732852,0.8784477418801728,30.171855709876535,0.7843636363636364,0.04628903108189576,0.2623780766069451,0.24769296835968654,0.9991836486158193,1,0.1187473680042904,0.6368921161865602,-0.6061009082631033,-8.534384366174393,-0.48295739669211285,-0.16433121019108288,-0.24643992533498765,0.10619466042352399,-0.27778935977738856,-0.2133014521874918,0.31945951330506106,0.03537906137184116,-0.16433121019108288,8.594735464214688,-0.26255647999159265,-0.7468338408803492,,,,,,Asian/Pacific_Islander,,,,,,,-0.5424189596979344,-0.16953626702404934,-0.1648814396826742,-21.644975438202763,-31.121650357199478,-0.26441845019707066,-0.32964199383561493,-0.183483096800667,-0.26130206718612403,-0.30741946067758424,-0.16953626702404934,-0.16965964569089775,-0.26520781049693143,-0.004969407572491107,-14.053794285794844,-0.07661017507227325,-0.0030805609898227893,-27.62093023048328,-0.2262098879305172,-0.025592854432467685,-0.16953626702404934,0.23653020433709823,-110.64133764413035,-26.783084015748685,-0.1573372298892849,-0.2298428121227799,,,,,
25,ethnicity:other/mixed,478,0.989517819706499,,0.0,5.296472280975078e-05,-9.12117400419287,5,,1.0,True,472,0.16666666666666666,0.9805962343096234,1,-3.9580712788259964,1.0,0.674822765789811,-4.010482180293502,,-0.0,1,0.975,0.989517819706499,0.025000000000000022,,-0.5,0.025000000000000022,0.0,,472,0.7573157894736837,0.0,0.421368421052631,-0.8333333333333334,0.9895397489539749,0.0,-7.148375262054509,0.4061029876986253,0.9757086812210172,0.9901589106096929,477,-1.0,0.9922150384358189,1.0,0.9947589098532494,,,0.9965879489891921,0.2857142857142857,0.989517819706499,,,0.0020920502092050207,,47.28333333333333,0.09287385972097272,1.0,6,0.011600569844253743,95.39999999999999,0.9969601677148847,0.16666666666666666,,0.2,0.024291318778982884,,1.0,,,1.0,0.9978959531180893,,0.010482180293501049,0.9805676166416674,,0,95.39999999999999,0.47333333333333294,,0.0034120510108078847,,0.9947312961011592,0.997907949790795,1.0,,0.9947589098532496,0.004210744514489594,0.025000000000000022,0.6412345789974864,1.0,1,0.043081322247177194,,,-23.72786816283175,,0.24148606811145512,-0.26093588515987365,,-0.2958394937385411,-0.017494517509688695,,0.012552301255230125,0.24148606811145512,23.003089792963465,-0.278810651423238,,,,,,,other/mixed,,,,,,,-0.7797970363048795,-0.2910885251438765,-0.45513832634531765,-24.323884777857085,-33.728507268128524,-0.2868095846031108,,-0.47447249158372906,-0.28500424080363385,-0.5883257361855414,-0.2910885251438765,,-0.28451851196280853,-0.0033319476266040985,,,-0.0038969123740034695,,-0.619751498568317,,-0.2910885251438765,0.2541335927246331,,,-0.1672411726686045,,,,,,
26,hrt:no,18615,0.7416192797183861,0.3776638894093328,0.24,0.006824148122140095,-36.36966906859095,4771,0.00016838457518067354,0.76,True,13694,0.019669850559648712,0.7357211925866237,150,-23.212322411770018,0.8258954526996672,0.11298275010440144,-31.306997021391837,0.35732391412280995,0.017055149055013423,114,0.3164547505468187,0.7401762066915302,0.6835452494531813,0.8399758020092515,-0.9693242206464806,0.6835452494531813,0.3236161822696071,1.0800647955000757,13730,-20.63544217778016,0.08616813116599611,-26.546506702807818,-0.9740412592318146,0.7417673918882621,0.17410454730033273,-27.106393109380704,0.10193585104287617,0.7352406209785928,0.8472266111906958,18465,-0.9782932984064171,0.9963718827743299,0.76,0.750809639859193,2.719849242428259,0.7187291306100568,0.7479217687532792,0.045283018867924525,0.7416192797183861,0.7163769839680806,0.00014775025971022564,0.008058017727639,2.7827163698216397,0.9836773372673459,0.36831736471500803,0.9973780043699927,4885,0.009449045200478004,2.9413959337665063,0.7459434625155397,0.023336745138178096,0.3810542862189426,0.0001592957451268078,0.2647593790214073,3.1926334353823878,0.76,0.7776922994528063,0.7852422957503057,0.8258954526996672,0.8532800984862453,0.25073067682791356,0.25838072028161385,0.73619786986669,9.089149724027111,36,2.9413959337665063,0.0235072853632268,6.871604593247279,0.25207823124672085,11.99751222976642,0.8506911011026557,0.7465632554391619,0.8258954526996672,3.2019627565983746,0.750809639859193,0.01928757737288221,0.6835452494531813,0.02796843572978205,0.9981629314429014,1,0.8303654881440815,0.11969555613156843,-0.14864142620944748,-1.2511976403732592,-0.09915802436273202,0.0013793103448276334,-0.03766381017794202,0.04724281855811238,-0.0653626609046078,-0.025768468789847954,0.1627082779885143,0.2624227773301101,0.0013793103448276334,2.8603100698362383,-0.0536100793781345,-0.15342060731311888,,,,,,,no,,,,,,-0.12125178685169827,-0.11698397784354375,-0.005312278375211497,-2.931126810603242,-6.760632144268072,-0.03579287940376574,-0.10093084312415312,-0.005148270937248456,-0.033659546452000755,-0.02648572050013176,-0.11698397784354375,-0.06512994089789248,-0.035852331726895614,-0.001180422982828359,-0.31423778483552456,-0.004801690535004066,-0.002059843816904827,-0.6510372772051198,-0.006485355300612693,-9.428953555182757e-05,-0.11698397784354375,0.013665532482208698,-5.627720305790479,-0.6487091928728241,-0.02262531803676049,-0.0706249376751783,,,,,
27,hrt:yes,16435,0.6887030317938626,0.39788003530849514,0.2413793103448276,0.009079088381112977,-31.75323096053272,5062,0.00015990612099674937,0.7586206896551724,True,11199,0.021835061805203896,0.6846029814420443,174,-19.740633926318303,0.8201597093376602,0.11843272020552872,-28.647213168521812,0.38228712173173046,0.019032987648596664,132,0.3119472885334618,0.6869287861129854,0.6880527114665382,0.6285598790727048,-0.9669366148690224,0.6880527114665382,0.35048387941041537,0.8232214860074432,11241,-16.512703371774386,0.08518940168200065,-25.622059851223202,-0.9708497384481838,0.6894432613325221,0.1798402906623397,-23.748061266444427,0.0984729008682075,0.6815223071104695,0.8081151449952915,16261,-0.9754303619206863,0.9949528974386184,0.7586206896551724,0.7236618607245175,2.2603634126614716,0.6955408954710582,0.6958162033803073,0.04918032786885246,0.6887030317938626,0.6915810256429585,0.00013642698004185364,0.010587161545482202,2.2681693169577253,0.7330590338263583,0.39046041912710544,0.9962636776087537,5194,0.012271993523783078,2.4369678061009004,0.6940431284692463,0.025413939160569887,0.4010733077748077,0.00014986580198640307,0.3184776928895312,2.5695957992651333,0.7586206896551724,0.744555287947193,0.7557426958060763,0.8201597093376602,0.8182477678870153,0.28576649398942433,0.3112969682061374,0.680165740651161,6.953152339560873,42,2.4369678061009004,0.026577496095865606,4.562712389517152,0.30418379661969247,9.598001400840314,0.8144134972002035,0.6959704898083359,0.8201597093376602,2.621357907568978,0.7236618607245175,0.021306044835123765,0.6880527114665382,0.03006617557018624,0.9973059005939711,1,1.2042889718779886,0.12239037762642484,-0.14153299185857915,-0.863785039788022,-0.036426349941721746,-0.0013793103448276334,0.06415322778011462,0.08611486943092164,0.03954283211631941,0.025768468789847954,0.13536378011750477,0.3160328567082446,-0.0013793103448276334,3.2519633846340206,0.0536100793781345,-0.18331171888514286,,,,,,,yes,,,,,,-0.11674432483834138,-0.11124823448153676,-0.008382489107850305,-7.053865616609016,-7.685078995852688,0.016107454642527608,-0.12094986468001823,-0.00753587671470668,0.016933219178825287,-0.031935690601259045,-0.11124823448153676,-0.03199292939227916,0.016253233646076337,-0.004003371306133433,-0.05739447534289199,-0.025017836434166385,-0.0012028129679745314,-0.07043242817572315,-0.008583095141016881,-8.58110813679034e-05,-0.11124823448153676,-0.040052781385915226,-3.2282094768643734,-0.025671556755569647,0.012407012562469566,-0.04112533773094895,,,,,
28,lastmamm:negative,34266,0.7106115955691727,0.38973218533973947,0.2422360248447205,0.008402675439570365,-32.75059808781937,9823,8.150962880694303e-05,0.7577639751552795,True,24121,0.020642695083811852,0.7081436409268663,322,-21.35163369188272,0.8035510201664812,0.10948140458501344,-30.0401335118273,0.37696475856749573,0.018743979357704988,244,0.29283509671334124,0.7089824231379696,0.7071649032866587,0.7667423558443885,-0.9694824614274438,0.7071649032866587,0.34088386166946616,0.8822309942432642,24199,-19.087837907977512,0.08976076851453628,-26.917980902611397,-0.9725391182847802,0.7110546897799568,0.1964489798335189,-23.670964002255378,0.09920988276675884,0.705754811052044,0.8277152393473366,33944,-0.974437970169819,0.9959788175309069,0.7577639751552795,0.7341877853622261,2.476329649791519,0.7086191616521813,0.7154323198213934,0.04697275964962941,0.7106115955691727,0.7106296742317587,7.244555646003284e-05,0.009397069981906262,2.4481039066507466,0.8229811978906348,0.38194493498834675,0.9967767263110046,10067,0.010475897545306478,2.61850151406605,0.7156690760565896,0.024237608026224298,0.3970335057859528,7.714180750842711e-05,0.29424518894795404,2.7491614182980526,0.7577639751552795,0.7526126567011572,0.7577458964926936,0.8035510201664812,0.832298581108047,0.29901885897461167,0.28938840443082725,0.7050608002597768,7.681506250375231,78,2.61850151406605,0.02274394817358329,6.702021053383527,0.2845676801786075,9.958186500412767,0.8297129491082331,0.7151899842409385,0.8035510201664812,2.7185430449844787,0.7341877853622261,0.021322096106619462,0.7071649032866587,0.027432592428919853,0.9974513272821319,1,19.194264479853693,,,-0.4079168722847122,,-0.2422360248447205,0.29020632875561736,,0.2659722563605168,0.01718232790047025,,0.2937897624467402,-0.2422360248447205,38.769996552409104,0.2784836399977606,,,,,,,,,negative,,,,,-0.0976321330182208,-0.09463954531035768,-0.004548941185567989,-4.47873108040589,-6.389157944464493,-0.005518492944815656,-0.11691006269116333,-0.004990030156285297,-0.0022862752537773368,-0.022984374980743766,-0.09463954531035768,-0.04005029814624339,-0.003362882795009847,-0.002207275327656834,-0.11640398357871307,-0.016869986465410713,-0.001348239656135397,-0.16761756559122398,-0.005949511999750495,-7.4145891780970645e-06,-0.09463954531035768,-0.01582027744433806,-3.5883945764368264,-0.205237175788489,-0.0016438006585621778,-0.04312853841756625,,,,,
29,lastmamm:false_positive,784,0.9872122762148338,,0.0,0.000309089850279771,-7.836270753512134,10,,1.0,True,772,0.16666666666666666,0.978890306122449,2,-3.9488491048593346,1.0,0.6739120634553163,-4.012787723785164,,-0.0,2,0.841886116991607,0.9872122762148338,0.15811388300839305,,-0.6208333333333336,0.15811388300839305,0.0,,772,0.0,0.0,0.0,-0.8333333333333334,0.9872448979591837,0.0,-12.331800766283532,0.405629608595254,0.9766090033368054,0.9906139972126272,782,-0.9597222222222221,0.9952330568489084,1.0,0.9936061381074168,,,0.993851218666609,0.2857142857142857,0.9872122762148338,0.9896661539501427,,0.002551020408163265,,38.68333333333334,0.10159425372763806,1.0,12,0.009184508322486021,78.2,0.9955807784036462,0.16666666666666666,,0.1,0.023390996663194493,,1.0,,0.9975461222646912,1.0,0.9963295628361376,,0.01278772378516624,0.9795252147681816,,0,78.2,0.38884615384615384,,0.006148781333391073,,0.9935649935649936,0.9926977040816326,1.0,,0.9936061381074169,0.020862525459661812,0.15811388300839305,0.4841377486860764,1.0,1,0.05209889657661018,,,-19.509603890321383,,0.2422360248447205,-0.26176660842168553,,-0.29441198278548186,-0.01718232790047025,,0.015306122448979591,0.2422360248447205,19.0716510628188,-0.2784836399977606,,,,,,,,,false_positive,,,,,-0.6466831532964865,-0.2910885251438765,-0.37065114685813855,-23.566568988383402,-33.30713884707589,-0.2854301952918723,,-0.3536391582503955,-0.27979399509447145,-0.5874150338510467,-0.2910885251438765,,-0.2817817816402254,-0.0009158861048363769,,,-0.0038969123740034695,,-0.46265466825690704,,-0.2910885251438765,0.2550339148404215,,,-0.16567478238665279,-0.2829287641895638,,,,,
30,menopause:postmenopausal_or_age_>=_55,35050,0.7168404077636353,0.3847172902410238,0.24074074074074073,0.008268622217649645,-32.033009947532264,9833,8.19710326085202e-05,0.7592592592592593,True,24893,0.020756772173470415,0.7115713266761768,324,-21.417163234862265,0.8047970363048795,0.10866306680962293,-29.874911920694135,0.3716178187940624,0.01799863551348378,246,0.2910885251438765,0.7152338811630847,0.7089114748561235,0.7848259874584768,-0.9700396910349225,0.7089114748561235,0.33583589615405784,0.9115579862315368,24971,-19.781084071815535,0.09154609380537672,-27.38632235852101,-0.9724691933445456,0.7172325249643366,0.19520296369512044,-23.09476285610321,0.10066327909047325,0.7120694370263836,0.830596753750496,34726,-0.9743225079065998,0.9961030876259965,0.7592592592592593,0.7380498335114474,2.5530903297175143,0.7160126871934518,0.7215750884963821,0.04729404979332885,0.7168404077636353,0.7146173580751274,7.321962624071222e-05,0.009243937232524964,2.506568153768668,0.8544568015295497,0.3791479489051653,0.9968763765968524,10079,0.010301817724741143,2.681382796403645,0.7184027081414859,0.024407183252306775,0.39849490429285067,7.721542349834835e-05,0.2879305629736164,2.864909331403106,0.7592592592592593,0.7564727588319227,0.7614823089477671,0.8047970363048795,0.8365836180729904,0.26911704626419364,0.28315959223636467,0.7103929995247081,7.984205461984372,78,2.681382796403645,0.022405201473506824,6.5270802716231415,0.278424911503616,9.471794784251625,0.833978256863829,0.7205891583452211,0.8047970363048795,2.8287999130332704,0.7380498335114474,0.021483080429169358,0.7089114748561235,0.027610302960625104,0.9975301459477035,1,,,,,,,,,,,,,,,,,,,,,,,,,postmenopausal_or_age_>=_55,,,,-0.09588556144875607,-0.09588556144875604,-0.004210194485491522,-3.7854849165678672,-5.92081648855488,-0.008252125029711954,-0.11837146119806119,-0.00443280054880657,-0.007685449358059926,-0.022166037205353248,-0.09588556144875604,-0.043910400277008876,-0.009505651469998488,-0.002033195507091499,-0.14573097556698567,-0.011855091366695047,-0.0014270583217069754,-0.27787443364001563,-0.006127222531455746,-7.875992979674236e-06,-0.09588556144875604,-0.009505651470000431,-3.102002860275684,-0.3209850888935426,-0.005928837623505601,-0.046864950872639755,,,,,
31,nrelbc:0,28833,0.6924233944312299,0.3891080956219209,0.2,0.0074701575040353055,-41.30484739978379,8793,9.628422538551288e-05,0.8,True,19795,0.019142983719061448,0.6878724031491694,245,-24.482912767737577,0.8482223654748406,0.10415951004437213,-35.39908652981272,0.37680927791662316,0.01724220860009747,196,0.25563970724868584,0.6912386073960262,0.7443602927513141,0.7400587000908492,-0.9735782146351113,0.7443602927513141,0.28884061631725183,0.8918806107942602,19844,-22.238290205854824,0.08568769238237574,-32.13405030130873,-0.9757263121364329,0.6933374952311587,0.15177763452515933,-27.20673511035144,0.09757606655817297,0.6870369788862373,0.8135399553551631,28588,-0.9783390456880675,0.9967368054649617,0.8,0.746211697215615,2.4232919429560984,0.729252855981598,0.6977706805154191,0.04245180853367987,0.6924233944312299,0.7209747784726246,8.74012127975581e-05,0.008497208060208788,2.516770955573813,0.8126258692928663,0.3827377905159251,0.9975307397702076,8989,0.009625052491130649,2.6009780507221656,0.6965110089649659,0.021804427633774614,0.3704039232108516,9.098146252701013e-05,0.31296302111376384,2.741534757440712,0.8,0.7758613567589663,0.7714486159586051,0.8482223654748406,0.8208733190856926,0.21228245653819075,0.3075766055687701,0.6873356674368352,9.004890253610828,49,2.6009780507221656,0.021348789181940546,7.34688370744302,0.3022293194845809,12.816756500622704,0.8174347538817311,0.697132625810703,0.8482223654748406,2.754261294124049,0.746211697215615,0.01888546257241301,0.7443602927513141,0.025038732210641592,0.9981726864243824,1,1.7781808051872265,0.3813076861175252,0.019930240481671566,-0.6130417567977533,0.07173529148209554,0.1670886075949367,0.1515750489845135,0.22288608391219944,0.12222066153139134,0.15261445734757512,0.33274749457721475,0.31176082960496654,0.1670886075949367,4.1286100606601615,0.13643510980441964,-0.019285820508235005,,,,,,,,,,0,,,-0.0604367435535654,-0.13931089061871715,-0.0031537821939252447,-1.328278782528578,-1.1730885457671576,0.013639574146808053,-0.0902804801160621,-0.0008942769486177671,0.015771083176458145,-0.01766248044010245,-0.13931089061871715,-0.06329899820405249,0.014298756510964461,-0.001356430273481004,-0.126053600129709,-0.016245896747592137,-0.0020695987983858632,-0.20333581473079443,-0.003555651781472234,-2.2189185756666912e-05,-0.13931089061871715,-0.03453810961014786,-6.446964576646764,-0.19761051493114845,0.00978146136379221,-0.05683125788347776,,,,,
32,nrelbc:1,5581,0.8147005444646098,0.37199178258506255,0.38028169014084506,0.009948784400496725,-17.581506892170548,1021,0.0006954969632583897,0.6197183098591549,True,4489,0.030441228252169036,0.8024278803081886,71,-11.425173180644672,0.7323964405063437,0.15440372048878137,-13.950763017305288,0.3293547507387708,0.020623067590015188,44,0.5032792999656037,0.810727830955391,0.49672070003439633,0.9341406649700107,-0.942808846309938,0.49672070003439633,0.4667748079028862,1.57171356424172,4516,-9.460784778710464,0.09070782349584079,-11.102628438087715,-0.9527067037596111,0.8122200322522846,0.2676035594936564,-14.217818916703266,0.12389730769089523,0.8041850359682101,0.8898823866507222,5510,-0.9650488065480405,0.9913130803157915,0.6197183098591549,0.7172094271618823,2.7243671165414622,0.653735225777094,0.824881664741987,0.07746478873239436,0.8147005444646098,0.6601169006365315,0.0005317536023530784,0.012721734456190646,2.750136613942806,1.1958542325099806,0.35351000829120677,0.9940212577502214,1065,0.01602000666274267,3.3444151687795722,0.8175115449956711,0.04131455399061033,0.5708771119190674,0.000606971899959995,0.19581496403178986,3.864676590454078,0.6197183098591549,0.7803615884507279,0.7743019536872333,0.7323964405063437,0.9013314920088548,0.3809021468524058,0.1852994555353902,0.8039177527739397,7.164943591975913,27,3.3444151687795722,0.038432444997332865,4.010121337729202,0.17511833525801304,10.910443457817692,0.8954717733891882,0.8204981186167353,0.7323964405063437,3.8955704543275598,0.7172094271618824,0.03017691175757047,0.49672070003439633,0.055068432555185426,0.9960563833551436,1,0.6238575427493047,0.0919402350863838,-0.4304105962810356,-1.644480122215334,-0.24653581758581528,-0.17870066247286098,-0.09912405244697908,-0.03481593964303123,-0.13409498268114417,-0.147508380029524,0.056076715854706055,0.1908260168428597,-0.17870066247286098,2.855469825631694,-0.11505473920586945,-0.3450351517782566,,,,,,,,,,1,,,-0.30807633627048325,-0.02348496565022018,-0.020237438009317564,-14.105784209672938,-22.204510408988178,-0.10736096188389721,-0.29075366882427794,-0.03166364527379106,-0.10759440962957412,-0.06790669088451169,-0.02348496565022018,-0.0677992298958141,-0.1128122277156034,-0.007751384445093025,-0.8058865535771688,0.0008704162892662071,4.6704270852959695e-05,-1.344644974934305,-0.03358535212601607,-0.0006214019236295438,-0.02348496565022018,0.08260994747182612,-4.540651533841752,-1.3207523479445142,-0.07067671155936994,-0.05968459561210593,,,,,
33,nrelbc:>=2,636,0.9697452229299363,0.22628133295523944,0.25,0.005445771544489612,-4.982167632369627,19,0.07071886446886444,0.75,True,609,0.1831446540880503,0.9529481132075471,8,-1.6009156050955409,0.9681459737500557,0.5518515523178346,-1.6584394904458595,0.13349317918493464,0.08802047233987939,6,0.6508557944128243,0.9666666666666667,0.3491442055871758,6.829235239414477,-0.5434625480618235,0.3491442055871758,0.25779967159277506,20.081296130952378,611,-0.12362879032258074,0.24813551816408264,-0.5472145454545456,-0.7567266775777414,0.9669811320754716,0.03185402624994424,-9.352962181810593,0.4127746301877753,0.9531554150772533,0.9763888583953572,628,-0.9205485165241263,0.9882260814348501,0.75,0.8598726114649682,14.973011363636365,0.6112515456633104,0.9816883994680956,0.36363636363636365,0.9697452229299363,0.6993453761523574,0.02303571428571429,0.012578616352201259,12.679347826086959,12.016373503316393,0.16725476621738528,0.9967266775777414,25,0.024633802546941218,24.789473684210527,0.9775273564259301,0.24,0.5210171568627447,0.039473684210526314,0.04684458492274664,46.154431818181806,0.75,0.9863809044768875,1.0,0.9681459737500557,0.9892181498366658,0.0,0.030254777070063694,0.9510828586521546,96.15789473684211,2,24.789473684210527,0.35533805031446536,37.252728174603185,0.01831160053190445,,0.983050847457627,0.9732704402515723,0.9681459737500557,41.479861111111106,0.8598726114649681,0.09356443933174283,0.3491442055871758,0.45128801781668654,0.9996033393522628,1,0.13454859482067275,0.4935510658652963,-0.5541136046868,-7.6158981239465575,-0.5431111574854623,-0.009493670886076,-0.23350516400917917,0.12649200063542315,-0.28165340633741187,-0.1335281805580736,0.4932942585971571,0.03930817610062893,-0.009493670886076,7.653104548461894,-0.2528403680965002,-0.4481350241845039,,,,,,,,,,>=2,,,-0.4556528307177038,-0.25923449889393224,-0.33714304332645006,-23.44294019806082,-32.759924301621346,-0.2673767733141562,-0.24089371376795526,-0.4310099435219056,-0.2603667312644111,-0.46535452271356487,-0.25923449889393224,-0.27381854592197374,-0.269618962441712,-0.016365180329291573,-19.315469120287826,0.1465808659190893,-0.0035002517262662236,-38.92893563171785,-0.4298049373875172,-0.07064476942923559,-0.25923449889393224,0.23158032658086936,,-43.610507575672244,-0.15856336938718096,-0.2853826419248726,,,,,
34,rstproc:no,26868,0.6904234967553171,0.39760583367186053,0.22488038277511962,0.006763182811117219,-43.39964866615838,8253,9.880208088898992e-05,0.7751196172248804,True,18406,0.01667138172681677,0.6884453625130267,209,-26.938528259889075,0.8298402729091323,0.09956423762483929,-39.02425817039623,0.3770627149519591,0.01406854858851491,162,0.2875811396651494,0.6892084175840635,0.7124188603348506,0.6528550956698836,-0.9765580662295603,0.7124188603348506,0.32571368708040394,0.8442582206174649,18453,-22.96316576050834,0.08090817323135152,-34.407287215278856,-0.9782016517755326,0.6910823284204258,0.17015972709086769,-31.491861364065358,0.0881849405730865,0.6848345271737558,0.8121901217921276,26659,-0.9805254206647701,0.996614437842873,0.7751196172248804,0.7327715569900988,2.295227185032052,0.6986456983789584,0.695970935770652,0.037569573283859,0.6904234967553171,0.7042670022594005,8.80849573695536e-05,0.007778770284353134,2.3460981116488258,0.7628023532954451,0.38724536921483305,0.9974529886739284,8415,0.00890286662613295,2.5038063583664227,0.694309007084528,0.019251336898395723,0.3993451792814434,9.391974036409553e-05,0.31516547282624413,2.601851778375088,0.7751196172248804,0.7627203611408224,0.761276111720797,0.8298402729091323,0.820400765478019,0.2449707398752931,0.30957650324468283,0.6817564673696708,7.687138912735794,47,2.5038063583664227,0.018831485977047663,5.985498551093172,0.3040290642293481,10.237607335019948,0.8160134775669445,0.6982386109870478,0.8298402729091323,2.711991989515815,0.7327715569900988,0.01642347751567235,0.7124188603348506,0.022418617807871837,0.9981279699429051,1,1.5400149394905005,0.1736811455462769,-0.0910386088270443,-0.6977785245751167,0.007054323004737961,0.044684834616184776,0.12859642534944735,0.15463464052876602,0.0989856188185961,0.07920083132041769,0.20649050632039034,0.3131978561857972,0.044684834616184776,3.7413079384703316,0.10982459781376103,-0.05081923968954341,,,,,,,,,,,no,,-0.09237817597002898,-0.12092879805300882,-0.0006364789890323623,-0.603403227875063,1.1001483682029658,0.015841576027245896,-0.11922173618665394,0.0020855746458312563,0.014665098000113397,-0.013067208020569612,-0.12092879805300882,-0.050158002585908634,0.016098501255731534,-0.0006342444084833053,-0.07843120995291375,-0.024743634797531777,-0.0020248823169085606,-0.16106651012256012,-0.0009355373787024793,-2.4707041260143948e-05,-0.12092879805300882,-0.03674056132262815,-3.867815411044008,-0.05792753586552424,0.01025401497146583,-0.046658753645669626,,,,,
35,rstproc:yes,8182,0.8041403247799678,0.3526585851141537,0.26956521739130435,0.01161761718401114,-14.94414967089011,1580,0.0005160666702769204,0.7304347826086957,True,6487,0.04066171439222569,0.7946773405035444,115,-10.622014541260421,0.8089284946100448,0.17439225722626772,-13.208398143806486,0.32943529901770185,0.03198322482023118,84,0.36029770442677894,0.8010619906149666,0.6397022955732211,1.1723763576814479,-0.9340653473501184,0.6397022955732211,0.33522161379615417,1.5980565976174248,6518,-8.922031679449306,0.13431677580431803,-11.55157551843526,-0.9447631706280831,0.8031043754583231,0.19107150538995538,-12.191866026900136,0.15634350409243067,0.795308871571031,0.8842522052024422,8067,-0.9541476035961072,0.9932558886525734,0.7304347826086957,0.7672875536943318,3.4410529873286233,0.7352115124974566,0.8127515113444569,0.09443507588532883,0.8041403247799678,0.7263304309936477,0.00041657772563938273,0.014055243216817405,3.2314740145086183,1.3923074625670813,0.3411618864432063,0.9952439398588524,1664,0.016847377470178775,3.7293780957622458,0.8110098433074215,0.05048076923076923,0.42632719039214434,0.0004623004953219593,0.20469112842896894,4.08500024929225,0.7304347826086957,0.8072548556945355,0.8082446763950158,0.8089284946100448,0.8954542591318427,0.22491996512502965,0.19585967522003223,0.7944811280242633,11.125112290730911,31,3.7293780957622458,0.0529867009964518,7.513171578289958,0.18724848865554225,18.3981307149222,0.8895440521083305,0.8110761427523833,0.8089284946100448,4.012101222925218,0.7672875536943318,0.0404622198483968,0.6397022955732211,0.062119913516427594,0.9967662687154565,1,0.6493443500819808,0.10208269023587535,-0.1940605693910298,-1.591432743181897,-0.17429700298513584,-0.044684834616184776,-0.09421019866909495,-0.004312304394922514,-0.12522630982157804,-0.07920083132041769,0.08452030777031141,0.20337325837203618,-0.044684834616184776,2.8454786248174124,-0.10982459781376103,-0.1803804564864187,,,,,,,,,,,yes,,-0.1650947407316585,-0.1000170197539213,-0.0347916940084365,-14.644537308934096,-21.75556332864063,-0.10085926019564762,-0.14620374729735486,-0.04040714423361069,-0.09817243376522211,-0.08789522762199804,-0.1000170197539213,-0.09469249713962169,-0.1006820743180733,-0.00857875525252913,-0.8322295869528736,0.020203613760175043,-0.0006631810894599521,-1.4611757435319634,-0.04063683308725824,-0.0004419716306480744,-0.1000170197539213,0.07373378307464704,-12.02833879094626,-1.5410760067826863,-0.06479947868235791,-0.09362731831988846,,,,,
36,surgmeno:yes,8105,0.7583499501495513,0.387572648575855,0.32098765432098764,0.007944243436163066,-29.501849376228165,1939,0.000411343882533296,0.6790123456790124,True,6085,0.02193692294620207,0.7506693399136335,81,-17.873558337333673,0.7784821343190031,0.12263577943631364,-23.504149588272217,0.35553267527872356,0.015921806403997773,55,0.4339923687550381,0.7559006211180124,0.5660076312449618,0.6796251449997724,-0.9606175229525321,0.5660076312449618,0.42327114844233443,1.1119180489372678,6111,-14.68369935105977,0.06732071146222818,-17.59300631235934,-0.968162628943942,0.757557063541024,0.22151786568099685,-22.947609808326078,0.10100912086011374,0.7488282280725348,0.8541516186156517,8024,-0.9740968356071789,0.993772163694095,0.6790123456790124,0.7186811479142818,2.506518410888697,0.684746054966498,0.7676836894326567,0.05301204819277109,0.7583499501495513,0.6673159408130984,0.000298661748951965,0.00999383096853794,2.44615036433621,0.9208684177942473,0.37365361291744836,0.9957453771886762,1994,0.012406318020564683,2.8098994645324367,0.7620266467488386,0.027582748244734202,0.5688684774828516,0.000350186872449207,0.25117177192746526,3.114074311600917,0.6790123456790124,0.7756509774392837,0.7700463550154655,0.7784821343190031,0.8668394086029679,0.3038233567391957,0.24165004985044866,0.7427027725144658,6.6385329471972065,26,2.8098994645324367,0.0278297415742461,4.598976687726528,0.23231631056734373,10.676489553170104,0.8609833746020515,0.7638957433682911,0.7784821343190031,3.267124986522014,0.7186811479142817,0.020845190278470926,0.5660076312449618,0.03575279939438681,0.9972189134914015,1,0.8199177691378272,0.10024822562104871,-0.27331315634360953,-1.2571684692019378,-0.16035937867129235,-0.10699588477366251,-0.036566090974666024,0.002952768949492174,-0.06814112415749674,-0.08048956040970069,0.10634694996268737,0.246020974706971,-0.10699588477366251,2.8703263626396778,-0.054034694248308285,-0.22775566534033337,,,,,,,,,,,,yes,-0.23878940505991766,-0.06957065946287966,-0.009634734586230799,-8.882869637323632,-15.714132534716551,-0.05187606363706465,-0.28874503438806215,-0.013854968631196951,-0.05099203438112998,-0.03613874983204396,-0.06957065946287966,-0.0630886188843699,-0.05561425240627316,-0.0041376958029150385,-0.3460910382727166,-0.01471044970152624,-0.0011158258654049291,-0.7161995071287595,-0.014269718965217452,-0.00033724884290445,-0.06957065946287966,0.02725313957615072,-4.306697629194163,-0.5701500690913535,-0.03618462815348311,-0.05542899694033809,,,,,
37,surgmeno:no,19919,0.645642143690108,0.4096852480369045,0.20918367346938777,0.00851590564227108,-42.4423844495483,6989,0.00011913352171873062,0.7908163265306123,True,12734,0.019216305272533114,0.6417867362819418,196,-22.735850198721693,0.845506614877362,0.10053622752066858,-35.22378358634435,0.39548104566700776,0.017028076064146958,155,0.27289158976642736,0.6443027727180732,0.7271084102335726,0.5563327019651122,-0.9720733358578971,0.7271084102335726,0.32399321437386014,0.7206921155719666,12775,-19.72574647299893,0.07944415802368524,-31.348993296628294,-0.9750940780981893,0.6470706360761083,0.15449338512263808,-25.379019370677607,0.08982687099140337,0.6389202873374413,0.7762888519875583,19723,-0.9776493172122045,0.9956485880383747,0.7908163265306123,0.7182292351103601,2.0293297743448515,0.6999637533191219,0.6523210428409755,0.04223433242506812,0.645642143690108,0.6894915504522646,0.00010760661914063492,0.009839851398162559,2.12335126526238,0.6282971738685807,0.40098101253807245,0.9967906066536204,7144,0.011309655538258152,2.2316884258353507,0.6508280630748627,0.02169652855543113,0.446242424502652,0.00011315157054379915,0.3610797126625574,2.401720761370501,0.7908163265306123,0.734862464346893,0.7469669197684555,0.845506614877362,0.7901757044898433,0.2711378296666515,0.354357856309892,0.6401484342826683,6.888071499115334,41,2.2316884258353507,0.02221947186125869,5.454192112702063,0.3476789571590246,10.60337100047886,0.7836789956305003,0.6525992770721422,0.845506614877362,2.424093908439396,0.7182292351103601,0.018444451032326288,0.7271084102335726,0.025346608458965914,0.9976959293765204,1,1.8489852214928724,0.19622977466887973,-0.09714239820170285,-0.5861854443447554,0.042574560674830536,0.07987882653061229,0.17722087309620857,0.1956477342246233,0.14695375380348166,0.12233729762901041,0.20362743886914159,0.35865254279833325,0.07987882653061229,4.259177799196239,0.16467990384519068,-0.03788098402333032,,,,,,,,,,,,no,-0.07768862607130692,-0.13659514002123851,-0.004024464873243389,-3.8408225153844704,-1.9581455504475969,0.059322520036911186,-0.16611898140786252,-0.0023991557258319363,0.060304431915019,-0.014039197916398904,-0.13659514002123851,-0.022300105791979163,0.059748394185408116,-0.003041033320608507,0.045134895092584615,-0.03682304916257573,-0.0015928417505238768,0.12683157095385855,-0.0038635280297965556,-4.503848208988465e-05,-0.13659514002123851,-0.08265480115894142,-4.23357907650292,0.14220348113906267,0.04047907595964151,-0.032349561693328144,,,,,
38,surgmeno:9,7026,0.8703252614987821,0.3097761884582778,0.23404255319148937,0.004919168158268016,-24.920356252322684,905,0.0009798147847141468,0.7659574468085106,True,6074,0.0308689801574957,0.8633326216908626,47,-16.1840140482237,0.8769665367144739,0.19028561676775158,-18.620612597671435,0.27846887641773077,0.019749814947917353,36,0.38025729812399567,0.8689556509298999,0.6197427018760043,2.106947107886014,-0.9435168625716527,0.6197427018760043,0.2689138917885091,2.887412704399026,6085,-11.173993654214556,0.12288390559508926,-13.634069070642553,-0.959935102868764,0.8696270993452889,0.12303346328552611,-23.56701998704957,0.1522897052412366,0.8622170314116583,0.9257301157712094,6979,-0.9684482464658368,0.996767789937916,0.7659574468085106,0.8181413541536464,5.0860263482712105,0.7733388540138902,0.8781227088591621,0.07287449392712551,0.8703252614987821,0.7568374343434152,0.000685305317931915,0.0066894392257329915,4.828647827635328,2.473412018331693,0.29151268041031303,0.9981922760887428,941,0.008885715328369417,5.90675913953215,0.8754155391222134,0.03825717321997875,0.3796914176815167,0.0008463618196779123,0.13778296858834177,6.4570644459934865,0.7659574468085106,0.8722267649929921,0.8794452739638774,0.8769665367144739,0.9318747583115737,0.13192104614366965,0.12967473850121794,0.8598767146732877,21.965243596182823,11,5.90675913953215,0.038725323374061274,10.834458298816799,0.12187729114083805,45.252817510290114,0.9298836497244336,0.8758646456020496,0.8769665367144739,6.985560476994628,0.8181413541536463,0.02693608654009324,0.6197427018760043,0.05257290741956045,0.9990972561638829,1,0.41073380509512963,0.17121408151976283,-0.21831904564756385,-2.48386442154685,-0.23465258131728484,0.00783470312620016,-0.17276149097374513,0.022777970764388034,-0.20937384896458716,-0.09212753672764677,0.2590215936554348,0.13393111300882438,0.00783470312620016,3.246448493949927,-0.1921465347216923,-0.20254832839071424,,,,,,,,,,,,9,-0.18505433442887523,-0.1680550618583504,-0.020530316386045973,-12.392575334168846,-19.673069776433337,-0.16526495601043945,-0.09956797458672723,-0.03095562901207638,-0.16296093661488842,-0.1037885871634819,-0.1680550618583504,-0.15966440643807833,-0.16605327183277852,-0.0006170931107197727,-2.121585693734475,0.06308601041605094,-0.002994168537886366,-4.434634997601373,-0.031089826990391093,-0.0009057197450853009,-0.1680550618583504,0.1406419429152742,-38.883025586314176,-3.913140203483923,-0.10121997786208892,-0.16482791588875,,,,,
