,description,size,TNR,prevalence_threshold_UB,FNR,prevalence_LB,R2_LB,DisparateImpact,fp,jaccard_UB,recall,ConfusionMatrix,tn,AP,accuracy_LB,p,explained_variance,recall_UB,TPR_Disparity_UB,phi_UB,R2,prevalence_threshold_LB,AP_LB,tp,FNR_UB,EqualOpportunityDifference_LB,jaccard_complement,TPR_LB,balanced_informedness_markedness_LB,markedness_UB,sensitivity_LB,LR-,balanced_informedness_markedness_UB,pn,DisparateImpact_LB,explained_variance_UB,phi_LB,R2_UB,markedness,accuracy,FNR_LB,explained_variance_LB,phi,specificity_LB,F1_complement_LB,n,markedness_LB,NPV_LB,TPR,AverageOddsDifference_LB,balanced_accuracy,LR+_LB,balanced_accuracy_LB,specificity_UB,F1,specificity,AUC_LB,jaccard_LB,TPR_Disparity,prevalence,informedness_LB,balanced_informedness_markedness,StatisticalParityDifference_UB,prevalence_threshold,NPV,pp,prevalence_UB,informedness,jaccard_complement_UB,AverageOddsDifference_UB,precision,LR-_UB,jaccard,FPR_UB,LR+_UB,sensitivity,StatisticalParityDifference_LB,balanced_accuracy_UB,AUC_UB,TPR_UB,F1_complement_UB,LR-_LB,AverageOddsDifference,FPR,jaccard_complement_LB,EqualOpportunityDifference_UB,DOR,fn,LR+,AP_UB,predicted_prevalence,DOR_LB,EqualOpportunityDifference,FPR_LB,DOR_UB,F1_complement,accuracy_UB,sensitivity_UB,DisparateImpact_UB,informedness_UB,AUC,precision_LB,StatisticalParityDifference,recall_LB,precision_UB,TPR_Disparity_LB,NPV_UB,Hispanic,age_first_child,age_group,bmi,density,ethnicity,hrt,lastmamm,menopause,nrelbc,rstproc,surgmeno
0,Hispanic:no,160889,0.6990177310528793,0.38477990990507177,0.21483375959079284,0.009247307744444551,-31.130970938965856,4.995007199439242,47954,1.6772516749103168e-05,0.7851662404092071,True,111371,0.021692807376675227,0.6974319251160738,1564,-21.079464420511265,0.8052900983263537,0.257980929557835,0.10818436123318537,-30.179050245139862,0.3800794502058392,0.020379914362576003,1228,0.23603387408419518,0.03919244909929738,0.6975466770219403,0.7639661259158048,0.7878071520323456,-0.9709053675717921,0.7639661259158048,0.30733663832418734,0.845698928763427,111707,-0.2423386628864872,-20.246389419080323,0.09873213036928716,-28.81579731498415,-0.9720236467955089,0.6998551796580251,0.19470990167364657,-22.309811948846882,0.10311633274848085,0.6967587150600721,0.8202345018973273,159325,-0.9731872341210062,0.9966532603701597,0.7851662404092071,0.10889129517349432,0.7420919857310433,2.535673007985477,0.7345923630577065,0.7012695030163051,0.048397903283017386,0.6990177310528793,0.7318493532750289,1.590094893364152e-05,0.14516624040920711,0.009720987761748782,2.5684110794681234,0.8183278693619416,0.25022745518309536,0.38238860772521566,0.9969921312003724,49182,0.010212458539889651,2.608679385519392,0.6995474292910586,0.2851109646123654,0.02496848440486357,0.32888232283451296,1.637332110792024e-05,0.30324128493992786,2.671677098243316,0.7851662404092071,0.24015795650943572,0.7536939152674702,0.7523346181870577,0.8052900983263537,0.8230255371324543,0.28335053183338993,0.19348576868640815,0.30098226894712066,0.6952954801258538,0.302956653458409,8.488019520691456,336,2.608679385519392,0.022924151735853562,0.30568901540813853,7.464709882221816,0.14516624040920711,0.29873049698369863,9.681678956333958,0.8218291567047433,0.7015695603801378,0.8052900983263537,10.225568400664542,2.670172577027571,0.7420919857310432,0.02360745460537623,0.24449010153220732,0.7639661259158048,0.02638596752602173,0.06144435394223509,0.997304775850059,no,,,,,,,,,,,
1,Hispanic:yes,14363,0.9408230280164885,0.25167970183087734,0.36,0.0025848597941330893,-20.9078870086574,0.2001999116462262,847,0.0009573021441256847,0.64,True,13466,0.024552423719871173,0.934595836524403,50,-15.400131349123168,0.7708429331794127,0.09028218024619922,0.17886362242978335,-16.36043456997135,0.2184266780006606,0.014955204895560454,32,0.5080686477145561,-0.4811490443824699,0.9396413369618309,0.4919313522854438,3.541924014432893,-0.9542704769665328,0.4919313522854438,0.38264369523243724,5.851813604550911,13484,-5.047836976320683,-12.561333999226273,0.11275890261149026,-12.696184993268758,-0.9622600788563634,0.9397758128524681,0.22915706682058734,-20.3400930122656,0.14272181333594564,0.9368320552293856,0.9671324618539323,14313,-0.9695944879775539,0.9978910754501233,0.64,-0.3304794815235975,0.7904115140082443,9.152074767472868,0.7363795553736063,0.9446336092241697,0.0688912809472551,0.9408230280164885,0.7231849571021143,0.0006515918370736352,-0.14516624040920711,0.0034811668871405697,7.682592967234772,4.9263788153534,-0.23668183887868596,0.2331752718902507,0.9986650845446455,879,0.004586940068099036,10.815017709563163,0.9431510786708077,-0.08384452212964366,0.03640500568828214,0.5007225649459329,0.0007556080283353011,0.06316794477061444,13.476596829899,0.64,-0.2517073320255393,0.8595886965945047,0.857638070914374,0.7708429331794127,0.9709547452379582,0.26188839024394983,-0.19348576868640815,0.059176971983511496,0.9356751643813899,0.15459402113809365,28.263938082119896,18,10.815017709563163,0.03617168649526312,0.06119891387593121,15.007550527710128,-0.14516624040920711,0.05536639077583024,56.91054433235082,0.968881533978487,0.9418523289006474,0.7708429331794127,5.368777720029698,12.47178674533933,0.7904115140082443,0.025031762536651243,-0.24449010153220732,0.4919313522854438,0.051006426620108146,-0.4207973260670633,0.9992086586422619,yes,,,,,,,,,,,
2,age_first_child:<30,129373,0.6734090749592571,0.39494007331682474,0.21327433628318584,0.008234568902649236,-38.49298377299022,2.0809512305759275,41883,1.9322184394422006e-05,0.7867256637168142,True,86360,0.018214628986653242,0.6722127105346556,1130,-24.640289828650115,0.8102798991142567,0.08229976059315397,0.09454570807347507,-36.606346276106514,0.38860392430671503,0.01712496802574966,889,0.2383311800164923,-0.04497817001291893,0.6721459481336197,0.7616688199835077,0.6773126660271424,-0.9755305029859891,0.7616688199835077,0.3167084380264544,0.738601981938944,86601,-0.5030734323015307,-23.62621374668469,0.08676718137926051,-34.82649937824867,-0.9764324967482259,0.6743988312862808,0.1897201008857433,-25.968694427373045,0.0910122489298218,0.6708345908351345,0.802199095705048,128243,-0.9776245814454984,0.996843287111642,0.7867256637168142,0.06253140279275977,0.7300673693380356,2.3454878848940455,0.7201972866162355,0.6759757160924221,0.04049929388182771,0.6734090749592571,0.7180518238065772,1.8243798768240866e-05,0.020196738096979527,0.008734434541983258,2.3325215311984704,0.7162349524953974,0.17778853560011176,0.39183971585856453,0.9972171222041316,42772,0.009256502337642428,2.4089024017390206,0.6748972193180285,0.13504190115046505,0.020784625455905734,0.34525206302513567,1.8783889972466494e-05,0.3291654091648654,2.478826850704297,0.7867256637168142,0.16411980443795923,0.7397710320401095,0.7420829148694941,0.8102798991142567,0.805587943051376,0.2713507312881786,0.09719601242578381,0.32659092504074294,0.6697117373133573,0.08645360539035996,7.606056904419475,241,2.4089024017390206,0.019163851153743843,0.3306099417962017,6.63578266086598,0.020196738096979527,0.3240242839075819,8.10502719128527,0.803932155424401,0.6767671770771335,0.8102798991142567,4.647418035818073,2.4919866190192503,0.7300673693380356,0.019453534333691926,0.1717355112288397,0.7616688199835077,0.022181310324831435,-0.018901642259540233,0.9975570038228082,,<30,,,,,,,,,,
3,age_first_child:Nulliparous,29087,0.8437489120217248,0.31396063245368583,0.2032967032967033,0.011268350285718931,-13.201700834530412,0.5302191562164741,4488,0.00018772493071536625,0.7967032967032966,True,24235,0.05089988006744153,0.840584281637845,364,-9.82827695230647,0.836861167970228,0.07456355195947018,0.20694042546894179,-11.691794453501098,0.30169628729637404,0.045348423671311526,290,0.24835721026703825,-0.0684791293922789,0.8415807202139112,0.7516427897329616,1.9612178899320785,-0.9288572874503178,0.7516427897329616,0.24094455163157452,2.2074925186505294,24309,-1.9092732655017044,-8.882916608552604,0.1790068693925058,-10.457396617859548,-0.9362610085672982,0.8431601746484684,0.16313883202977156,-10.87208579562368,0.19215234953715804,0.8394977186160181,0.9105095364869525,28723,-0.9397577476149155,0.9961798473238488,0.7967032967032966,-0.10217516340569599,0.8202261043625108,4.826237174186392,0.7976257059422242,0.8479304520928601,0.11279657720731232,0.8437489120217248,0.7994195241934845,0.00016706339497532232,0.020703296703296625,0.01251418159315158,4.894090855613245,2.0813022933109133,-0.13368302358063358,0.3069304795426821,0.9969558599695586,4778,0.013858741821401406,5.098865595189125,0.8452124569831043,-0.02284979016249089,0.06069485140226036,0.29978340613706084,0.00017751855987150104,0.16050228138398198,5.372998182313625,0.7967032967032966,-0.15382154230021344,0.8420211694060227,0.8410326845315368,0.836861167970228,0.9153329638588851,0.1931715585198335,-0.06441588291022327,0.15625108797827525,0.8380390889529242,0.09684294487574419,21.161987522281642,74,5.098865595189125,0.05521237518838069,0.1642658232199952,16.531617177484478,0.020703296703296625,0.15206954790713992,25.496679723732623,0.913976467038769,0.8472736961529206,0.836861167970228,2.938734440291414,5.2751751616138165,0.8202261043625106,0.05409006973245656,-0.14554158621454796,0.7516427897329616,0.06784251413738952,-0.05113990792952946,0.9976089623362839,,Nulliparous,,,,,,,,,,
4,age_first_child:>=30,16792,0.854246641074856,0.33160435361080004,0.325,0.005928409161525482,-24.131233389018636,0.49832585142692254,2430,0.00031007015572646516,0.675,True,14242,0.02409672808864436,0.8489578370652692,120,-16.865566518714022,0.7576549299334755,0.03465095854081736,0.14343318899423596,-19.72309261036469,0.30751834661344013,0.0176043092201365,81,0.41652724571927324,-0.2753430585439475,0.8522530070013763,0.5834727542807268,1.5650467502125782,-0.9590379746764596,0.5834727542807268,0.3804521836820671,2.1925094451562726,14281,-2.0390150185573406,-13.924757293806712,0.1088141755851194,-17.15660589016358,-0.9650110342864758,0.8529656979514054,0.24234507006652448,-19.687329579871978,0.1250086077312623,0.8487987060666469,0.9171276805829395,16672,-0.9717913922308263,0.9962686397229966,0.675,-0.1821424646793074,0.764623320537428,4.02453878011336,0.7243895700572361,0.8595706791068618,0.06157354618015964,0.854246641074856,0.7224618117301976,0.0002527282366659888,-0.1141566265060241,0.007146260123868509,4.21151666339287,1.8330500384123176,-0.14068281139720268,0.3172587169486771,0.9972690988026048,2511,0.00853919079811962,4.631111111111111,0.8570366740788665,-0.05896456819993231,0.03225806451612903,0.4460169086701395,0.0002777777777777778,0.15120129393335313,5.123206482315387,0.675,-0.1595836888671835,0.7905770784816919,0.8067848293446583,0.7576549299334755,0.923588114311602,0.2863295266352675,-0.13191196596428664,0.14575335892514396,0.8488453287966543,0.05843900495256674,12.172649572649572,39,4.631111111111111,0.03199355206890673,0.14953549309194855,8.901699778195157,-0.1141566265060241,0.1404293208931373,17.065418009539325,0.9202339030142473,0.8567055740828966,0.7576549299334755,3.0109091732839612,5.0338594779873125,0.7646233205374281,0.025698359468792085,-0.15054023579862322,0.5834727542807268,0.039935917783202414,-0.2945225204120478,0.9980573635548339,,>=30,,,,,,,,,,
5,age_group:45-49,13200,0.8779109719783157,0.2786177054554868,0.11650485436893204,0.006373422107988996,-18.795959704835155,0.42892573373853476,1599,0.0005972465737928024,0.883495145631068,True,11498,0.048481906443071494,0.8742746212121212,103,-12.896779889561902,0.9383290232765915,0.19512336664159696,0.22350165551623022,-14.7637819674112,0.26559973697481515,0.038075314702629454,91,0.19466870352219287,-0.013875977083905283,0.8771073308414067,0.8053312964778071,2.923442151172024,-0.9342247283297782,0.8053312964778071,0.1327069123038705,3.4455347918630115,11510,-2.3685001212755683,-11.328036717565427,0.17664861302206034,-12.116239299971888,-0.9451112744770434,0.8779545454545454,0.0616709767234085,-16.105358793027868,0.20051177146350702,0.8721817568135152,0.9319422974979572,13097,-0.9539073493309955,0.9981795460517902,0.883495145631068,-0.07525264273189315,0.8807030588046918,6.703740162990647,0.8584586496586758,0.883471672814152,0.1015058561070831,0.8779109719783157,0.8494461414765202,0.00051947040967809,0.10983531770254384,0.007803030303030303,6.581393774660312,3.1456857393500015,-0.15980849410354395,0.2709974852269852,0.9989574283231972,1690,0.009455576425076823,7.236482753177047,0.8811888582789851,0.016080837924528857,0.05384615384615385,0.2064399990992969,0.0005525297971426317,0.1278182431864846,7.784695274087,0.883495145631068,-0.18486993973484261,0.9050559048686203,0.9119599761328634,0.9383290232765915,0.9370687180129119,0.08217069376217011,-0.031047002364152088,0.12208902802168435,0.8724411923435335,0.184570694064604,54.52981029810298,12,7.236482753177047,0.06268541031783412,0.12803030303030302,33.98399277194534,0.10983531770254384,0.11652832718584825,94.60999939874937,0.9345308245621166,0.8879412878787879,0.9383290232765915,3.186175511967354,7.723876275532399,0.8807030588046919,0.04357196716312813,-0.17046030492269973,0.8053312964778071,0.06570198549129458,0.005499488174480059,0.9994611756390603,,,45-49,,,,,,,,,
6,age_group:60-64,26710,0.6120332738253504,0.40947025943197185,0.1514360313315927,0.012947771445208039,-28.86817353846884,1.4829819658282253,10214,8.703798174472199e-05,0.8485639686684073,True,16113,0.028339351595993108,0.609395357543991,383,-15.980729112792197,0.8829565465329464,0.1675683261711401,0.12179209683806028,-26.210013129706994,0.3993710307081802,0.02541431529242019,325,0.1913243476742897,0.009958597446275391,0.6106878908470722,0.8086756523257103,0.5803813383199723,-0.9630431841027149,0.8086756523257103,0.2474310430625483,0.6498954264108533,16171,-0.7019217841233141,-13.598642620799245,0.1063589962830677,-23.874440547259745,-0.9655754921064968,0.6154249344814676,0.11704345346705364,-16.76481113918693,0.1120348833961361,0.6061160170510325,0.7543335873983831,26327,-0.9693959776229324,0.9953658358521095,0.8485639686684073,0.07994633371259237,0.7302986212468789,2.102888933245109,0.7156490860699484,0.6179257934850195,0.059512909723493865,0.6120332738253504,0.7120853124874333,8.025077248491238e-05,0.08901888337190045,0.014339198801946836,2.108617782664269,0.6108163073603583,0.1412296873129819,0.40340127550173993,0.996413332508812,10539,0.01583769347336316,2.1872081068272133,0.6144886775024385,0.14281891779327044,0.03083784040231521,0.294688543352854,8.307851661135768e-05,0.3938839829489676,2.2572835893916134,0.8485639686684073,0.11460750028950946,0.7435056661038545,0.7485119300063245,0.8829565465329464,0.7638850373772337,0.2003317311154374,0.10752159420515725,0.3879667261746496,0.6059422817788629,0.16547369832846046,8.839667326117635,58,2.1872081068272133,0.031127059815622676,0.3945713216023961,6.885416645413293,0.08901888337190045,0.3820742065149804,10.898717503580084,0.7582945079768459,0.6202761138150505,0.8829565465329464,3.655106053624971,2.250893025583148,0.7302986212468789,0.02761999106040336,0.12850515849701177,0.8086756523257103,0.034318219436027954,0.027111809627360546,0.9972754004939064,,,60-64,,,,,,,,,
7,age_group:50-54,33496,0.7718270068824572,0.3530468576904384,0.18385650224215247,0.005814705425166185,-36.679900004892026,0.7780117619391221,7592,0.00011346792733038862,0.8161434977578476,True,25681,0.020331065158509222,0.7670453188440411,223,-25.773666659523688,0.8647123036145359,0.13056396408213528,0.12077800008325265,-33.458104775023955,0.33986892117574546,0.017151516160746706,182,0.24104200032016207,-0.06819590108465762,0.7708771087230594,0.7589579996798378,1.2240497639131387,-0.9724048402741742,0.7589579996798378,0.23820947000129042,1.3915576449945428,25722,-1.3034483306015776,-23.439873354850366,0.10547894867401741,-28.940874404913668,-0.9749946625079737,0.7721220444232147,0.13528769638546415,-29.765630039602733,0.11326071965925258,0.7672792142691358,0.8684634239008456,33273,-0.9778202127850992,0.9978382194924373,0.8161434977578476,-0.05648687097206262,0.7939852523201524,3.394060925844742,0.7705477950303908,0.7763273021207298,0.045517068900837815,0.7718270068824572,0.7684077456579486,0.00010278888963200327,0.041161470439371683,0.006657511344638166,3.3449552350595892,1.3009340834520762,-0.05892419424867598,0.3458700160065945,0.9984060337454319,7774,0.007587490545195172,3.5768628294121263,0.774552088366581,0.03716115996934223,0.023411371237458192,0.2910537712658407,0.00010750046071626021,0.23272078573086422,3.7696783441249027,0.8161434977578476,-0.0766581178697672,0.8094945184154848,0.8195627589823562,0.8647123036145359,0.8738555581105785,0.18492768868518308,-0.012125059747208011,0.22817299311754274,0.7690247313619615,0.12797482829846898,15.015619779485467,41,3.5768628294121263,0.022188758769562188,0.2320874134224982,10.474073248183977,0.041161470439371683,0.22367269787926936,19.941228504803444,0.8706161539113484,0.7768890315261524,0.8647123036145359,2.8446643094101933,3.8162797397914923,0.7939852523201525,0.02016546914561637,-0.06622094742289811,0.7589579996798378,0.027020990113549602,-0.07797233350731202,0.998855906971227,,,50-54,,,,,,,,,
8,age_group:70-74,19404,0.7723357891459998,0.4174499528355184,0.45384615384615384,0.005600486027734005,-40.003534132596144,0.7853505450540669,4388,0.00014265553570395583,0.5461538461538461,True,14886,0.011736937404127356,0.7656063182848897,130,-25.95913466527248,0.6336351189017208,-0.11209480284704608,0.08567755427083784,-33.438417637151694,0.37587409850107617,0.008366523650046028,71,0.5434774151836745,-0.37515953474144986,0.7699787927378058,0.4565225848163255,0.5343421919313509,-0.9757702096222282,0.4565225848163255,0.5876280242664765,0.8245747119896414,14945,-1.2943670600928372,-22.87583021147159,0.047278941768124236,-28.685980237165182,-0.9801293387108041,0.770820449391878,0.36636488109827925,-30.820370329532242,0.06175700287827757,0.7663491329153986,0.8667110903411169,19274,-0.9828089303322477,0.9949105304650044,0.5461538461538461,-0.2135208739882731,0.6592448176499229,2.029183596999002,0.6306680631687983,0.7782401855942697,0.030943560688603183,0.7723357891459998,0.6161858453998377,0.00010485603736932225,-0.25505909185154474,0.006699649556792414,1.945212216722635,0.7094076677878556,-0.05237519761802811,0.39233338259256784,0.9960521913683507,4459,0.007950289252367541,2.3989446742865153,0.7757526078312915,-0.10305698727129384,0.015922852657546536,0.6956169596523569,0.00012446532501227123,0.23365086708460137,2.756760954542115,0.5461538461538461,-0.07430514695852447,0.6951829805996473,0.7023037899000082,0.6336351189017208,0.8734291789031641,0.44704375656837386,-0.15755546439035323,0.2276642108540002,0.7631804739147783,-0.10658882647362737,4.082420468766898,59,2.3989446742865153,0.014866101113961742,0.2297979797979798,3.2923821104764075,-0.25505909185154474,0.22175981440573042,6.243636441123627,0.8700429585902569,0.7774131622345908,0.6336351189017208,2.8545587389984974,2.68582400468005,0.6592448176499228,0.012456273545423198,-0.06280763593016556,0.4565225848163255,0.020042616252057395,-0.3942402798202106,0.9969934276644864,,,70-74,,,,,,,,,
9,age_group:55-59,38174,0.6708650190114068,0.4016567737204939,0.22847682119205298,0.007046932526456883,-45.51567823972909,1.2203760416316969,12465,6.44326624421715e-05,0.7715231788079471,True,25407,0.015964458994839077,0.6665931000157175,302,-27.399259478424373,0.8176608090511776,0.10036047864883695,0.0914531706466555,-40.83426816575597,0.389501518425397,0.014522787749129537,233,0.28002909478162535,-0.12195915410263827,0.6696449750929074,0.7199709052183747,0.6171684181634691,-0.9770002032643813,0.7199709052183747,0.3405704794814591,0.7510846898310146,25476,-0.8395454553980413,-25.336493612010283,0.07272429955697224,-37.304354379266826,-0.9789422221813353,0.6716613401791796,0.18233919094882242,-30.61667118099527,0.08318266736480336,0.6661063202497898,0.7991990488411078,37872,-0.9812552187553604,0.9965735398519686,0.7715231788079471,-0.02909517231783242,0.721194098909677,2.241073741416075,0.7048285329509256,0.6755975060520499,0.03584615384615385,0.6708650190114068,0.6973609403518731,5.83747644835489e-05,-0.01125121143595531,0.007911143710378791,2.1354672965944674,0.6825756529612604,0.07133459403296025,0.3950939944533862,0.9972915685350918,12698,0.008851418313390036,2.344093528103856,0.6739622118711377,0.06477027809717177,0.0183493463537565,0.40045875284147464,6.189516075474906e-05,0.33389367975021045,2.51048821917373,0.7715231788079471,0.04967875784744955,0.7313471118089206,0.7450272574674809,0.8176608090511776,0.8039482719198253,0.27841084816384826,0.02512340297675203,0.3291349809885932,0.664708014764039,0.060910098646643034,6.882844137498037,69,2.344093528103856,0.017359595774150208,0.3326347775973175,5.728700355522501,-0.01125121143595531,0.324402493947952,9.164211096400898,0.8021405569236598,0.6770596479279091,0.8176608090511776,3.2688142658458545,2.4565592495787247,0.721194098909677,0.0160865039550624,0.06006733424389832,0.7199709052183747,0.020836599565652373,-0.08983899408554344,0.9978920861239259,,,55-59,,,,,,,,,
10,age_group:75-79,15164,0.7391478029294274,0.39282771448504433,0.3125,0.00801424422636323,-32.468324277234736,0.9210300282543729,3918,0.0001891816050424075,0.6875,True,11102,0.019911169372687842,0.7326381561593247,144,-19.8494243786063,0.7620797237935774,0.03425735552647384,0.10580196468567958,-26.78468153573014,0.36882780542805427,0.017137042323124078,99,0.39498195395521396,-0.24114696051688111,0.7369399269830733,0.605018046044786,0.723776179986128,-0.9670847368213622,0.605018046044786,0.4227841830300847,0.9625220324127589,11147,-1.11668981403328,-16.72904655233563,0.08070286064617954,-23.912255788671334,-0.9713177817278272,0.7386573463466104,0.23792027620642267,-24.154972451670233,0.09376824970786923,0.7320463827935484,0.8451274657645295,15020,-0.9757560614061955,0.9946019171565272,0.6875,-0.11476140619596781,0.7133239014647137,2.364901827591491,0.6824301379313709,0.7461564875056158,0.04758471521268926,0.7391478029294274,0.6751770217604462,0.00015681558378850366,-0.10229591836734697,0.00949617515167502,2.342095389469063,0.8321371785592615,-0.014428342485766535,0.38117735709046807,0.9959630393827936,4017,0.0111705703956813,2.6355921388463504,0.7437379839582015,0.011611458295958145,0.024645257654966394,0.4986300826134403,0.000175472179683512,0.2679536172064522,3.004427328923124,0.6875,-0.032613871391545875,0.7582679966683523,0.7514707811689811,0.7620797237935774,0.8510945157201663,0.34144439612104555,-0.06220328142030465,0.26085219707057256,0.7315180137276146,0.01568173154819255,6.23389484430832,45,2.6355921388463504,0.025252109107237217,0.26490371933526774,4.864148305802522,-0.10229591836734697,0.25384351249438414,8.763214192088084,0.8485497000038217,0.7443814297019257,0.7620797237935774,2.94046858611497,2.9495119846930797,0.7133239014647137,0.020074519222928473,-0.0227130914188175,0.605018046044786,0.029923971457489332,-0.2570072370539802,0.9970539349681217,,,75-79,,,,,,,,,
11,age_group:80-84,6744,0.7822508231068542,0.373431862935269,0.27419354838709675,0.007055552075799613,-31.618136497591745,0.7718032447138247,1455,0.0005517182842184873,0.7258064516129032,True,5227,0.024294952741744154,0.7705960854092527,62,-17.970860569078212,0.8314570550700291,0.14283797298706535,0.14244655706878978,-22.962228809222655,0.34478258780648185,0.01744887885209865,45,0.4023161574050402,-0.26643006335717334,0.7802657113001941,0.5976838425949598,0.8535904811216332,-0.9572252876932472,0.5976838425949598,0.3505187086899905,1.4214823458546617,5244,-1.3315392221605333,-15.276018077781472,0.08345802293045687,-18.94480611785875,-0.9667581998474447,0.7817319098457889,0.1685429449299708,-22.45015656460992,0.11659630393326961,0.7721582272584138,0.8709571948738004,6682,-0.9757610466849651,0.994814621602068,0.7258064516129032,-0.19460829941701374,0.7540286373598788,2.7383833249350964,0.7096283940973935,0.7920965146650286,0.057618437900128036,0.7822508231068542,0.6978355941676332,0.0004139941597979465,-0.05705437312936479,0.009193357058125741,2.7463952381018046,1.1832321405152533,-0.045970356890456546,0.35389316992705666,0.9967581998474447,1500,0.011770173539642846,3.3332224808779514,0.7865785621976378,0.04129718559793334,0.03,0.5815525622775134,0.0004988360492184902,0.22784177274158643,3.7965296210961563,0.7258064516129032,-0.08327405008522372,0.8009762598058973,0.8102216805521242,0.8314570550700291,0.8813676637005342,0.207974228183962,-0.06144444746763872,0.21774917689314577,0.771011230159831,0.11351559706002969,9.509399636143117,17,3.3332224808779514,0.03199857825922672,0.22241992882562278,6.378337026827682,-0.05705437312936479,0.20790348533497094,17.42539002568946,0.8765721952037565,0.792048487544484,0.8314570550700291,2.849692919400499,3.7721881944723488,0.7540286373598787,0.021964578541777458,-0.06576223463249198,0.5976838425949598,0.039938005279664256,-0.3599656952580499,0.9981104327880361,,,80-84,,,,,,,,,
12,age_group:65-69,22360,0.6754628162766487,0.3962094594197341,0.19850187265917604,0.010558610440795315,-29.830538028956724,1.1830708878100562,7170,0.00011726347255369988,0.8014981273408239,True,14923,0.025598987653349357,0.6726252236135957,267,-17.792637219137156,0.8476287588134175,0.11832206931294306,0.11916466769069124,-26.37937059054583,0.3822236457055459,0.0234230782780593,214,0.25146294226757926,-0.08515353531162134,0.67384629278425,0.7485370577324209,0.6872764922857004,-0.9639843050372661,0.7485370577324209,0.293875351649077,0.8391942137187007,14976,-0.8720777488362337,-16.285594820138197,0.09816056899682808,-23.833348663199196,-0.9674794224750211,0.6769677996422182,0.15237124118658257,-20.638038788385067,0.11015952006505801,0.6692435874189321,0.8012228101535684,22093,-0.9715633956742606,0.9953734307642899,0.8014981273408239,-0.01453884594832765,0.7384804718087363,2.36900348489667,0.7171672601152883,0.6816358516939839,0.05594039994771925,0.6754628162766487,0.7143156417265463,0.00010676817909452409,0.024957667058715494,0.011940966010733453,2.3233257137539587,0.7510927941558523,0.06189326439051557,0.38887554815258135,0.9964610042735043,7384,0.01345227298503067,2.4696650107867257,0.6778839969870372,0.07769293569746569,0.028981581798483206,0.3452501469014771,0.00011178495499872021,0.33075641258106786,2.5813074416078283,0.8014981273408239,0.03883554545289864,0.7572809073147577,0.7626453018909266,0.8476287588134175,0.8100219558939973,0.2324580409251504,0.037392184373513826,0.3245371837233513,0.6678563354275379,0.11060586437376843,8.403784110944448,53,2.4696650107867257,0.029270467818292144,0.3302325581395349,5.723864973459412,0.024957667058715494,0.3183641483060161,13.13221854397307,0.8051471580026438,0.6848199910554562,0.8476287588134175,3.2213369081459877,2.5743446515727886,0.7384804718087363,0.025274469609104743,0.051100883493379434,0.7485370577324209,0.033066453273163085,-0.04951614351015304,0.9973479594784093,,,65-69,,,,,,,,,
13,"bmi:[25,30[",74102,0.7130963249621868,0.38055817391672053,0.2097902097902098,0.008957539147383184,-31.477617221214487,1.0376401904013568,21055,3.8644684975551544e-05,0.7902097902097902,True,52332,0.022674955247001166,0.7111957167147985,715,-20.617629634867026,0.8195052937764726,0.07624316522028605,0.11424943433237765,-28.94629029111976,0.37099741353308324,0.02114369728108195,565,0.24150240416765234,-0.049002728720951065,0.7116417585705155,0.7584975958323478,0.8592769995749753,-0.9693206929134895,0.7584975958323478,0.29419617300837203,0.9424374924304029,52482,-0.9784211721009719,-19.02868823835975,0.1029073065426913,-27.439033505816287,-0.9710086672242959,0.7138403821759197,0.18049470622352726,-21.544114452009655,0.10823351478094664,0.7098086245458791,0.8295377838043637,73387,-0.9729802833518495,0.9966469739346716,0.7902097902097902,-0.01566787599657574,0.7516530575859885,2.666814978808345,0.7373974678528142,0.7163671707247462,0.05059323931049922,0.7130963249621868,0.7366311667410738,3.625894792456837e-05,0.017128588874973705,0.00964886237888316,2.6901573560758387,0.8916299782882527,0.017318064009758827,0.3759965410506015,0.9971418772150452,21620,0.01037897426063796,2.7542686238008014,0.7144152083392885,0.0434515288945911,0.026133209990749307,0.32495209295181005,3.753074282639707e-05,0.2901913754541182,2.8500934182475546,0.7902097902097902,0.003744391973779893,0.7615945168613116,0.7666749484309033,0.8195052937764726,0.8337246645702824,0.2531692515481539,0.013633472431800187,0.2869036750378132,0.7088512237860313,0.07019516838394327,9.362013773450487,150,2.7542686238008014,0.024706951822390393,0.29176000647755795,8.312718700294322,0.017128588874973705,0.2836328292752538,11.384239038830035,0.8315311951314462,0.7165410515235756,0.8195052937764726,3.0384955402247393,2.8463784812172204,0.7516530575859884,0.02404748041665582,0.010583535889322648,0.7584975958323478,0.02834762569757742,-0.03898111518917007,0.997580449543653,,,,"[25,30[",,,,,,,,
14,"bmi:[30,35[",57418,0.6722624148345859,0.4023083165740838,0.2297872340425532,0.0074648285341549206,-43.25687923177581,1.25810909595479,18664,4.3715952369954875e-05,0.7702127659574468,True,38284,0.016535469762815714,0.66875326552649,470,-26.4055749253892,0.807508008253823,0.05459677706942093,0.09062327611208662,-39.27005958403262,0.39139542496345203,0.014549682166098376,362,0.2705213244800625,-0.10164728786803205,0.6709899046550757,0.7294786755199375,0.6377767160159313,-0.9764216534384623,0.7294786755199375,0.34181181183406434,0.7498426341439466,38392,-0.8153781847998358,-25.161843561088894,0.07471549299187684,-35.84891986125783,-0.9781603187548686,0.6730641958967571,0.19249199174617707,-28.57879413386758,0.08469991370582086,0.6683897791433929,0.800316290400214,56948,-0.9795710734045083,0.9966046399000852,0.7702127659574468,-0.01800418578770834,0.7212375903960164,2.2409219504911144,0.711431152282812,0.6761174880907899,0.03713582273286828,0.6722624148345859,0.7021031859494681,3.928111375207609e-05,-0.014752269007588192,0.008185586401476888,2.2273222779924935,0.6859647558536168,0.07741915049061893,0.39478874578240897,0.9971869139404043,19026,0.008956697710322507,2.3500898304621023,0.6727791928930411,0.05798238723534654,0.019026595185535584,0.3851050437693201,4.126729350393521e-05,0.3316102208566055,2.4526020441913494,0.7702127659574468,0.06024602461229133,0.7397385291245459,0.7403719948425648,0.807508008253823,0.8047643202897086,0.29412707949583544,0.027359913199317437,0.32773758516541407,0.6673565779930591,0.07413472415666718,6.875390928862853,108,2.3500898304621023,0.017751644884301514,0.33135950398829633,6.1186595143933085,-0.014752269007588192,0.32388251190921014,9.12037521272433,0.8031046779945459,0.6761742833257863,0.807508008253823,3.3186600504212938,2.4640060269737436,0.7212375903960164,0.017132829556369543,0.06798051320465154,0.7294786755199375,0.021069293209523533,-0.0951779991303634,0.997691817342079,,,,"[30,35[",,,,,,,,
15,bmi:>=35,27744,0.7717462632154575,0.35112705724641713,0.19745222929936307,0.010106402967231785,-22.553342199277875,0.7951688575435036,6261,0.0001333216669646495,0.802547770700637,True,21169,0.03328677303077422,0.7682904411764706,314,-14.90588562432225,0.8451323370880843,0.09275062292766238,0.1534236271925924,-19.367456710886547,0.3402479939599539,0.028754614922126182,252,0.24584902394483962,-0.05478943156300082,0.7700058198748727,0.7541509760551603,1.174053290230315,-0.9542117996353515,0.7541509760551603,0.25585122819601913,1.3503854709639433,21231,-1.2824914280405302,-13.348516596855017,0.13521423811058808,-17.50385617285417,-0.958387894811783,0.7720948673587081,0.15486766291191564,-16.243944095881332,0.14332972519524115,0.7667325412357386,0.8670119625292472,27430,-0.9629770109559234,0.9962579027742409,0.802547770700637,-0.059139228201005686,0.7871470169580472,3.2927947979092163,0.7680020090766139,0.7767023622341569,0.07382452028709537,0.7717462632154575,0.764957410317425,0.00012075269889180291,0.027163155316021648,0.011317762399077278,3.281796072444734,1.278822771194849,-0.050473074110632926,0.3478129107843602,0.9970797418868635,6513,0.01263301981915688,3.516033437201481,0.775162827929993,0.015296343637055426,0.03869184707508061,0.305568124881584,0.00012818204291656875,0.2332674587642614,3.79657511802293,0.802547770700637,-0.07127787585929778,0.8023523527297542,0.8093366235986694,0.8451323370880843,0.8745575611028916,0.1893229636041115,-0.01776922958990179,0.22825373678454247,0.7655680623146129,0.09482595116315122,13.74249192389137,62,3.516033437201481,0.037509570146283894,0.23475346020761245,10.878683754110318,0.027163155316021648,0.2232976377658431,18.10180874511498,0.8700602124904954,0.7762146770472895,0.8451323370880843,2.852324319777579,3.685187786855976,0.7871470169580472,0.03413888189318548,-0.06047120557322655,0.7541509760551603,0.04366355407472262,-0.03368138097272983,0.9977603441804088,,,,>=35,,,,,,,,
16,bmi:4,15988,0.8222768222768223,0.3454229125496699,0.2956521739130435,0.005942019169647203,-29.375763315961752,0.6129941080569221,2821,0.0002732677113715307,0.7043478260869566,True,13052,0.0217862000161764,0.8157571303477609,115,-19.750780515997914,0.785794111020187,0.050245100202205115,0.12850584865651318,-24.005952136386927,0.3228138843515755,0.016743883942632903,81,0.3879333881000854,-0.23942566751394284,0.8205192682466839,0.6120666118999146,1.1691756348816673,-0.9634635444367461,0.6120666118999146,0.3595530919799065,1.6902263397618658,13086,-1.653522755699135,-18.0124913528245,0.09846904636150888,-21.364173970407375,-0.9694900184781944,0.8214285714285714,0.21420588897981305,-22.888128336425186,0.1154589087327122,0.8162394143270371,0.8979822201550065,15873,-0.9743909307517173,0.9963711556640297,0.7043478260869566,-0.19106534767305092,0.7633123241818894,3.5629730316921155,0.7266317267268609,0.8281958882461283,0.05369572422936693,0.8222768222768223,0.7213227411245289,0.0002217929033070469,-0.08217652347942106,0.007192894671003252,3.443285036043788,1.4968418471023175,-0.09879796988984385,0.3343618146918547,0.997401803454073,2902,0.008627751652253442,3.9631737126828295,0.8237642549495267,-0.01215656746134123,0.027911784975878703,0.45948214329979253,0.0002496801935792118,0.18376058567296238,4.259663823334042,0.7043478260869566,-0.12589500266708228,0.805250148087117,0.8053019072392498,0.785794111020187,0.9049625557110579,0.2951819226261305,-0.09794974199991675,0.17772317772317772,0.8165837025749104,0.01831929728030593,11.022499322309569,34,3.9631737126828295,0.02804389233382404,0.1815111333500125,7.326062642089079,-0.08217652347942106,0.17180411175387103,14.660530003854024,0.9014123415863808,0.826185263947961,0.785794111020187,2.866613200130245,4.412683782016706,0.7633123241818894,0.022226393440374304,-0.11459470349949524,0.6120666118999146,0.03457365954530939,-0.20405033743954207,0.998200022802147,,,,4,,,,,,,,
17,density:4,9396,0.8876827171109201,0.3272550862402029,0.40217391304347827,0.007900344213029202,-13.910137999019211,0.3965797957591098,1045,0.0006798301657203392,0.5978260869565217,True,8259,0.03382915023969497,0.8787515964240102,92,-9.690128602938431,0.6987693757470126,-0.053273113363303606,0.17889358153045473,-10.87716363228532,0.2906834831036721,0.028234146753445596,55,0.5095960422539269,-0.3751830228782072,0.884166577454234,0.4904039577460732,1.9455418664387656,-0.9345288167718914,0.4904039577460732,0.4530604294656159,2.6806810529398626,8296,-2.555329591394679,-8.306939067744564,0.1161849895569631,-9.288020501538231,-0.9455400192864031,0.8848446147296722,0.30123062425298747,-12.665870630705832,0.14869458732902754,0.8810912212690221,0.933522935449318,9304,-0.9574855135115862,0.993857693675517,0.5978260869565217,-0.26992325755067603,0.7427544020337209,4.446702808923242,0.6900780871755067,0.8940303796219029,0.09228187919463086,0.8876827171109201,0.6922800422282624,0.0004732472246226453,-0.19389533222876076,0.009791400595998296,4.464576965803341,2.1885572214780797,-0.16839449823979907,0.302380837112713,0.9955400192864031,1100,0.011994951333319267,5.3226544622425624,0.889597596252081,-0.08454423629360816,0.05,0.5743180495154147,0.0005720823798627002,0.1189087787309779,5.7169537355567535,0.5978260869565217,-0.1842417494236226,0.7951559897688087,0.7932287618391793,0.6987693757470126,0.9404517635987428,0.35626069693822404,-0.1860906664481699,0.11231728288907997,0.8786917346184913,0.010384783782085905,11.748221906116642,37,5.3226544622425624,0.04352297978763535,0.11707109408258834,8.521537983148967,-0.19389533222876076,0.10596962037809704,17.22189088357568,0.9385227272727273,0.8902830991911451,0.6987693757470126,3.3178010344317785,6.209002727018733,0.7427544020337209,0.03788569216557144,-0.17813076777347955,0.4904039577460732,0.06458757175418266,-0.3896984459527171,0.9968578761557461,,,,,4,,,,,,,
18,density:2,81923,0.7303232628770273,0.3782769548309925,0.24496644295302014,0.006704580933721539,-38.93009525940238,0.9212113083886686,21932,3.61107767250551e-05,0.7550335570469798,True,59395,0.01696244459112639,0.7266872551054039,596,-26.52303790901971,0.7890639936297089,0.01425780306016608,0.09928583257147888,-36.315096119955875,0.3703999846705579,0.015777380642584535,450,0.2815464116086727,-0.12109024380252867,0.729014520147779,0.7184535883913272,0.8433634320440042,-0.9757425740587863,0.7184535883913272,0.33542193629161154,0.9922548494049483,59541,-1.1071805446554035,-24.85382978633917,0.0871698923443875,-33.71375663522708,-0.9774424662911886,0.7305030333361815,0.2109360063702912,-29.139586610104026,0.09256443072255542,0.7272588637626548,0.8410283167368302,81327,-0.9790804461981644,0.9971169654627556,0.7550335570469798,-0.06161582955257542,0.7426784099620036,2.696062894815278,0.7257444968701567,0.733371224751714,0.039167899730176696,0.7303232628770273,0.7253331346126458,3.263618719332113e-05,-0.040644242560092914,0.007275124201994556,2.698139838998481,0.9111650994724918,-0.015886536817233517,0.3740762016449073,0.9975479081641222,22382,0.007880964114020396,2.7997726652361723,0.7308552258635198,-0.0006727743760000758,0.02010544187293361,0.38255972481240286,3.4426115130721314e-05,0.2727411362373464,2.9476043724201824,0.7550335570469798,-0.028853679880159855,0.7577885405325097,0.7600236853113614,0.7890639936297089,0.8452373189608763,0.30254415253888894,-0.031018954373834146,0.2696767371229727,0.7260377970353955,0.02697984605310316,8.34701718137506,146,2.7997726652361723,0.019453202056086652,0.27320776827020493,7.352423266682002,-0.040644242560092914,0.26662877524828604,9.779585981616687,0.8432717153647387,0.7327789509661511,0.7890639936297089,2.929913488987738,2.869307734447893,0.7426784099620035,0.018306783374065716,-0.023366715545115047,0.7184535883913272,0.02203019371799043,-0.12445699954062674,0.9979291401505082,,,,,2,,,,,,,
19,density:3,67868,0.6288124206911995,0.4050851586168563,0.1755379388448471,0.01217150282338384,-30.062591259047224,1.6548648525421992,24864,3.402881284653802e-05,0.8244620611551529,True,42121,0.025736814027984202,0.6291326545647433,883,-17.38539452596298,0.8490044960595069,0.1441755910141602,0.11401987724612161,-27.707589865414164,0.3979036934190553,0.024152834944633137,728,0.20226670010408127,0.03913064693226488,0.6273607387548407,0.7977332998959188,0.5857357007539651,-0.96527310542524,0.7977332998959188,0.27915787454054,0.6567447641890991,42276,-0.6193044600706064,-16.49536521441488,0.10005842402709865,-26.359895520196474,-0.967887227685608,0.6313579300996052,0.15099550394049313,-18.646540854923114,0.10598181300389489,0.6251408256158771,0.7677226446529457,66985,-0.9703747436111392,0.9957101855042256,0.8244620611551529,0.09570871512300008,0.7266372409231762,2.1508986773579166,0.7135468226573696,0.6324728543725885,0.05499527856468366,0.6288124206911995,0.7139514464302842,3.2399576309181474e-05,0.09669188331657552,0.013010549890964814,2.1729793899523187,0.6266297284689302,0.1576394872059383,0.40154979023952675,0.9963336171823257,25592,0.013891606541062751,2.221146684623468,0.6314643806420075,0.14740797283804408,0.028446389496717725,0.31356214984052233,3.315886668095049e-05,0.3748591743841229,2.2785116467461686,0.8244620611551529,0.14325600278537723,0.7413605946597275,0.7393230354160681,0.8490044960595069,0.7734227806570846,0.23711315324676824,0.12172066574491212,0.3711875793088005,0.6227657059569929,0.15326546301805172,7.956596919500145,155,2.221146684623468,0.027669584148574327,0.3770849295691637,6.755431986254395,0.09669188331657552,0.3675271456274116,9.468180335445997,0.7710161905895058,0.6339195202451818,0.8490044960595069,3.9240488123520176,2.2973836833882046,0.7266372409231763,0.026443762924750765,0.14922044323972913,0.7977332998959188,0.03055702046250942,0.02641570621518538,0.9968872620845283,,,,,3,,,,,,,
20,density:1,16065,0.9400823867182624,0.2723060384754526,0.37209302325581395,0.0019377442475230922,-32.4982003583501,0.19929323755694014,960,0.0007832434375839875,0.627906976744186,True,15062,0.01817274053499568,0.9353532524120759,43,-20.465113376084616,0.7702483037007124,0.029992896714406303,0.14203831932443883,-21.75859065877441,0.21905550587330289,0.012828174813004745,27,0.5327490545855,-0.49480569082561143,0.9391445317371243,0.46725094541449996,3.4803149907371216,-0.9620653419799782,0.46725094541449996,0.39580895090988255,5.7757848238288165,15078,-5.055222253931463,-16.98158422026755,0.08759877348094855,-17.815052043733917,-0.9715832282062354,0.9392468098350452,0.22975169629928763,-26.769870834578953,0.12220876311019008,0.936295630276219,0.9670655513546252,16022,-0.9806099100257761,0.9982773314882069,0.627906976744186,-0.322571665707906,0.7839946817312242,8.523611958511287,0.7192420183920393,0.9437083761039746,0.05242718446601941,0.9400823867182624,0.7108800887295658,0.0004978348444600558,-0.15694343700501823,0.0026766262060379706,8.786323924731182,4.753961292873626,-0.24054557240958785,0.23600454780723149,0.9989388513065394,987,0.0036037230852758568,10.479505813953487,0.942475473674164,-0.0907649181951369,0.02735562310030395,0.5137109613805189,0.0006540697674418605,0.06370436972378112,13.400706655819715,0.627906976744186,-0.2546191253256054,0.8353204400556427,0.8571092747328825,0.7702483037007124,0.9701215097801948,0.2574087839573762,-0.20027732664186568,0.059917613281737614,0.9349549739002071,0.018714458502089942,26.476171875,16,10.479505813953487,0.024690465630827666,0.06143790849673202,16.10685316596562,-0.15694343700501823,0.056291623896025295,45.203121506386935,0.9686173633440515,0.9423482726423903,0.7702483037007124,5.393743974705643,13.467727315485774,0.7839946817312242,0.01810322887996251,-0.24684103387921574,0.46725094541449996,0.03955273945782802,-0.44330313058293164,0.9993933440310269,,,,,1,,,,,,,
21,ethnicity:white,160493,0.6953759043724441,0.3859552173341413,0.2119248217757615,0.00914249151118276,-32.652785830738736,10.740108863095001,48420,1.6530397999361552e-05,0.7880751782242384,True,110530,0.02134401198449361,0.6946982111369343,1543,-21.4684783179962,0.8082268058547751,0.2822588114542358,0.10586439456766052,-30.899033906283485,0.38069845481749787,0.020144761469138177,1216,0.23317872840518497,0.02919493707612829,0.6939482787847586,0.766821271594815,0.7783684512850841,-0.9714929942330486,0.766821271594815,0.30476296409352477,0.8382277646205125,110857,-0.14615191639214942,-20.240366512115962,0.09770659135763188,-29.450751076803396,-0.9725519059574944,0.6962671269151925,0.1917731941452249,-22.245179163755097,0.10206710987838542,0.6931065998871913,0.817699746324074,158950,-0.9740795647139028,0.9967131318265403,0.7880751782242384,0.1612877480634632,0.7417255412983412,2.5207910451637385,0.7302324429159146,0.6976380806389755,0.04751949041599093,0.6953759043724441,0.7314641508761789,1.6024035255719342e-05,0.16835686836508357,0.009614126472805667,2.501100004196418,0.8072447985572162,0.28483822190649694,0.38337262753341533,0.9970502539307396,49636,0.01010360099524283,2.587041503071927,0.695565529027604,0.2695447413140974,0.024498347973245224,0.3325783872545071,1.6275819459401868e-05,0.3068934001128087,2.66102582588165,0.7880751782242384,0.2754967764761551,0.7503084905362787,0.7519869317205038,0.8082268058547751,0.8205830883277548,0.2795984765293987,0.22352071075448962,0.3046240956275558,0.6915560610268046,0.27378825355892034,8.488700425810347,327,2.587041503071927,0.022614979924407624,0.3092720554790552,7.481568991145944,0.16835686836508357,0.3023619193610281,9.511443044309699,0.8193264073949157,0.6987374838778015,0.8082268058547751,21.643954551838963,2.66005711206146,0.7417255412983413,0.02315615889357249,0.2804760665909191,0.766821271594815,0.02589653191267869,0.07188906681110879,0.9973609392372085,,,,,,white,,,,,,
22,ethnicity:Native_American,1713,1.0,,1.0,0.00036130866331418924,-0.003676700861427867,0.0,0,,0.0,True,1710,0.0017513134851138354,0.9960157618213661,3,0.0,0.7075982261787133,,0.0,-0.0017543859649120641,,0.00042323409223584394,0,1.0,,0.9982486865148862,0.0,,,0.0,1.0,,1713,,0.2749999999999986,0.0,-0.0005841121495328505,,0.9982486865148862,0.2924017738212867,0.0,0.0,0.9978450857219917,0.9982456140350877,1710,,0.9948905281810728,0.0,-0.5405955742276023,0.5,,0.5,1.0,,1.0,,,-0.7821229050279329,0.0017513134851138354,,,-0.28714093085704073,,0.9982486865148862,0,0.005109471818927122,,1.0,-0.5231174004623992,,,,0.002154914278008339,,0.0,-0.2903724811137554,0.5,,0.7075982261787133,1.0,,-0.5329842341434858,0.0,0.9953298307063632,,,3,,0.003079392877991826,0.0,,-0.7821229050279329,0.0,,0.9991235758106924,0.9995767659077641,0.7075982261787133,,,,,-0.288471179389071,0.0,,,0.9996386913366858,,,,,,Native_American,,,,,,
23,ethnicity:black,3880,0.9906784049715174,0.12563362588024307,0.3333333333333333,0.0027517167507613723,-2.8500238654484282,0.04239029811012023,36,0.025109126984126984,0.6666666666666666,True,3826,0.16821305841924397,0.9858440721649485,18,-1.3312618677714476,0.8665725974936761,0.21913379030719302,0.5262392981888698,-1.3442085275332296,0.09041454210740436,0.06087311373338453,12,0.5900747618279256,-0.46471690354105355,0.9891416752843847,0.4099252381720744,23.94676469001772,-0.6483826927011584,0.4099252381720744,0.33646976825230873,51.971921032961816,3832,-23.8092055878397,-0.32121605754705407,0.2700720376939354,-0.3293523316062181,-0.7484342379958246,0.9891752577319588,0.13342740250632387,-2.102582092813942,0.40411263525500285,0.9871181291744502,0.9933381498656714,3862,-0.8541426562034605,0.9965951336678817,0.6666666666666666,-0.4209967320747292,0.8286725358190921,51.30606582125605,0.7286183094339498,0.9934629706291602,0.36363636363636365,0.9906784049715174,0.7166186024349639,0.008227676205617382,-0.11528822055137844,0.004639175257731959,45.63332148829432,35.38504214026134,-0.2717883373964922,0.10574331922114302,0.9984342379958246,48,0.007322023726929705,71.5185185185185,0.9925064599483204,0.07237631389538993,0.25,0.5773994908404212,0.018518518518518517,0.012881870825549846,93.45806420607457,0.6666666666666666,-0.28616598355844036,0.91094991123697,0.94072646920322,0.8665725974936761,0.9958840028363678,0.14458639413815869,-0.19659901816150444,0.009321595028482652,0.9868247666272103,0.3164887470344899,212.55555555555554,6,71.5185185185185,0.2834790097145123,0.012371134020618556,114.81000000000003,-0.11528822055137844,0.006537029370839719,2192.2591025641022,0.9945412009357941,0.9933698453608247,0.8665725974936761,23.56208642304855,103.7446757164404,0.828672535819092,0.13637227742058014,-0.2794676727856275,0.4099252381720744,0.3959593100271184,-0.5786047496796002,0.9994251830167185,,,,,,black,,,,,,
24,ethnicity:Asian/Pacific_Islander,6619,0.9521857923497268,0.24561330451292698,0.41935483870967744,0.0031843540455638716,-14.283226819665035,0.17060565633565708,315,0.002227262853526149,0.5806451612903226,True,6273,0.03335026784139554,0.9451427708113008,31,-9.183853340384278,0.7545240492613491,-0.0030291293109916545,0.21086236606178738,-9.630432653700769,0.20274539811724127,0.019004224184701178,18,0.6092407775079334,-0.5834138987603962,0.9503105590062112,0.3907592224920667,4.072681010947327,-0.9205330491120133,0.3907592224920667,0.4404128291757301,7.307319421282209,6286,-5.90788913140029,-6.489846888765736,0.11549972823228159,-6.716764112520934,-0.9438778581317557,0.9504456866596163,0.24547595073865097,-12.861398075243244,0.16643236454333643,0.9467537207865596,0.9727286115802252,6588,-0.9632837821961336,0.9964661033314673,0.5806451612903226,-0.36780822684008735,0.7664154768200246,9.502904041639322,0.685002805580831,0.9572129334083606,0.09890109890109891,0.9521857923497268,0.6780894815127765,0.001276695173922381,-0.20394106738939943,0.004683486931560659,9.348065856777493,5.599950471855782,-0.23467524529001996,0.22297575616242243,0.9979319121858098,333,0.006641303529642128,12.14377880184332,0.9551179750367743,-0.07898368458805623,0.05405405405405406,0.5546661544401092,0.0018433179723502306,0.05324627921344044,17.250155523104457,0.5806451612903226,-0.25623629050164887,0.8649055775437415,0.854741472127273,0.7545240492613491,0.9762923351158646,0.33961157615419707,-0.2231876441766568,0.04781420765027322,0.9451348958774866,0.06653781249746281,27.57362637362638,13,12.14377880184332,0.048597182214460743,0.0503097144583774,11.561208728517016,-0.20394106738939943,0.04278706659163899,67.06748258513932,0.9745222929936305,0.9553142468650854,0.7545240492613491,6.175135731538533,15.343669149286049,0.7664154768200246,0.0323468514031445,-0.24457918629058634,0.3907592224920667,0.08408538908170816,-0.6903007259069089,0.9988983851970112,,,,,,Asian/Pacific_Islander,,,,,,
25,ethnicity:other/mixed,2547,0.9881329113924051,0.130822195847488,0.2631578947368421,0.00449706151967771,-2.0613625592417053,0.0596500762571507,30,0.04291365669074646,0.7368421052631579,True,2498,0.23641285460143557,0.9815371024734982,19,-0.8429380413057963,0.9085342150927965,0.3403887739146127,0.5552196339896164,-0.8559501998667558,0.08720202496000212,0.11751242188458244,14,0.5120293453458727,-0.5880197858524443,0.9861823924200552,0.48797065465412726,20.21730268000875,-0.5217161702127661,0.48797065465412726,0.26631831781214443,46.41506651266264,2503,-16.952416741828028,-0.149426754391974,0.300570513412859,-0.17192863528009567,-0.6798205789416336,0.9862583431488026,0.0914657849072035,-1.8615211600128752,0.4787751630537702,0.9831020203668641,0.9909734125893599,2528,-0.8103763715596608,0.9953444682858051,0.7368421052631579,-0.2883048941657152,0.8624875083277814,40.11754072681705,0.7797209373217635,0.9919793950169885,0.44444444444444436,0.9881329113924051,0.7607524167877316,0.016976536843185553,-0.04434911730737501,0.00745975657636435,40.2333610056926,30.7057037456169,-0.2620348350452259,0.11261516506009785,0.9980023971234518,44,0.011624922389788244,62.09122807017543,0.9903370819566432,0.023210317322323662,0.3181818181818182,0.3937936474593716,0.02456140350877193,0.016897979633136037,88.20808662280702,0.7368421052631579,-0.27993556969912664,0.9550278807621707,0.9642225998678314,0.9085342150927965,0.995238281805012,0.0,-0.15875460210045983,0.011867088607594937,0.9831608386808963,0.2764585492227448,233.14666666666665,5,62.09122807017543,0.3712284323202572,0.017275225755791126,63.06726726726727,-0.04434911730737501,0.008020604983011449,,0.9930431325780165,0.9897232037691402,0.9085342150927965,16.806850222507254,91.45465494399615,0.8624875083277815,0.18609883717486997,-0.27233422388376766,0.48797065465412726,0.4757814214972277,-0.7914846317549855,0.9993510756086263,,,,,,other/mixed,,,,,,
26,hrt:no,92618,0.741751545225037,0.37478278229906664,0.24930747922437674,0.007239122080871018,-34.29060758125749,0.8398542119687139,23732,3.2598790785588835e-05,0.7506925207756233,True,68164,0.01870524253296917,0.740366883327215,722,-24.019022346590997,0.7818628591645277,0.01574686226447671,0.10574762769950732,-32.37932076414456,0.3649556719778896,0.016920019207550267,542,0.2825413924548566,-0.1284966171785665,0.7403014900734176,0.7174586075451433,0.9151433376521693,-0.973505784409656,0.7174586075451433,0.33610645077758533,1.0424211684589764,68344,-1.2195875730785595,-22.351393861237376,0.09164477656797133,-30.810397447030407,-0.9750378475416316,0.7418212442505776,0.21813714083547225,-25.91705175319731,0.09848111133574751,0.7389087534821004,0.8488977153908477,91896,-0.9765756355451202,0.9969527760455977,0.7506925207756233,-0.08709593165656603,0.7462220330003302,2.751763324724599,0.7334186643087519,0.7445790702371382,0.043366938710193634,0.741751545225037,0.7303699624686756,3.0413790202867423e-05,-0.05424021465038564,0.007795460925522036,2.787913591610452,0.9659118846144168,-0.04215238576716057,0.3696923154550487,0.997366264778181,24274,0.00838294905355386,2.906861616770465,0.7420895397661796,-0.019497495054640344,0.022328417236549394,0.3682453315411623,3.163207992481136e-05,0.26109124651789956,3.0330485297352143,0.7506925207756233,-0.05610212316086037,0.7596879060565356,0.7620741035319846,0.7818628591645277,0.8525514019663569,0.3058615346121829,-0.05133810302987937,0.258248454774963,0.7381542366083516,0.0002457112249383067,8.64863381837931,180,2.906861616770465,0.020522026857890018,0.26208728324947633,7.804747833039137,-0.05424021465038564,0.25542092976286185,10.854794300944944,0.8507738392411383,0.7449769483253795,0.7818628591645277,2.865609708842954,3.0212346777140606,0.7462220330003301,0.02050650647390763,-0.049975548030626316,0.7174586075451433,0.024265896192666035,-0.12355133753782967,0.997736575866265,,,,,,,no,,,,,
27,hrt:yes,82634,0.6933155538156639,0.3852689401067581,0.19506726457399104,0.010101197571759125,-28.45253763773192,1.19068284203265,25069,3.2897441116104e-05,0.804932735426009,True,56673,0.024517804966789944,0.6919004283950916,892,-19.108233970428444,0.8304554957310655,0.10698213122315892,0.11781033281125206,-27.60814044911952,0.37963501453217924,0.022838058182429444,718,0.2226214822719643,-0.004487277930950842,0.6918428634210655,0.7773785177280357,0.7940077655473811,-0.967125561577056,0.7773785177280357,0.28135423112958863,0.8701953992915478,56847,-0.8597675138196477,-18.362078641721517,0.10505959829327557,-26.109467586936756,-0.9690956654335238,0.6945204153254109,0.16954450426893442,-20.358810249682396,0.1111211398829886,0.6901415276804426,0.8162048036245113,81742,-0.9706979339148769,0.9964499064430699,0.804932735426009,0.020311568594542903,0.7491241446208364,2.551297196257278,0.7358572394427574,0.6964758553052777,0.053825105888526556,0.6933155538156639,0.736019262339752,3.111042550651477e-05,0.05424021465038564,0.010794588184040468,2.566089306493087,0.8277664131485065,0.05712639243076591,0.38166911620738453,0.9969391524618714,25787,0.011522636348107337,2.6246284917305367,0.6942338272919011,0.0716559985322824,0.027843487028347616,0.3277990383168915,3.210868943420196e-05,0.30985847231955743,2.6975178354450517,0.804932735426009,0.04363997294716125,0.7604016186846065,0.7622290269019211,0.8304554957310655,0.8195284097952272,0.24734448881557458,0.05133810302987937,0.3066844461843361,0.6894502427090118,0.12450183162936546,9.328555256457694,174,2.6246284917305367,0.02598672419733156,0.31206283128010265,8.378144785284805,0.05424021465038564,0.30352414469472233,10.366286933492617,0.8178571170872148,0.6973748699082701,0.8304554957310655,3.2268253510341545,2.680135761523696,0.7491241446208364,0.02586938031654693,0.049975548030626316,0.7773785177280357,0.029924927341985583,-0.01979095937738275,0.9973765115737679,,,,,,,yes,,,,,
28,lastmamm:negative,171292,0.7126938013046783,0.3802667266783613,0.21692789968652038,0.008862144300223763,-31.89728631266856,20.28093609312261,48755,1.6410207568938285e-05,0.7830721003134796,True,120942,0.021579518853961616,0.7107858218714243,1595,-21.415675348186053,0.8030766415742389,0.4405067613560334,0.10911691307776207,-30.073671145711423,0.3739045347986542,0.020568623823036078,1249,0.23797977053584835,0.0022187674238079436,0.7112436266120923,0.7620202294641519,0.8516007669519626,-0.9707646229369465,0.7620202294641519,0.3043774188710576,0.9118740540032837,121288,-0.2361698354535271,-20.55739333523936,0.10051034105504758,-28.931606050574715,-0.9721692840392305,0.7133491348107326,0.19692335842576117,-22.3114884931452,0.10473281785201502,0.7105342790392086,0.8299982392758485,169697,-0.9733152828119278,0.9968307924643642,0.7830721003134796,0.12823195813968433,0.747882950809079,2.6438488379607215,0.7408131859627419,0.7148460551674137,0.04841179092618074,0.7126938013046783,0.7377092870065416,1.580233700635878e-05,0.20412473189242697,0.009311584895967121,2.666670936483933,0.8766985208036497,0.283576450353221,0.37722625808594895,0.9971472857990897,50004,0.00977774832540253,2.72556632564653,0.7129532976336013,0.3558425214778234,0.02497800175985921,0.3292831056231365,1.6061370122315244e-05,0.2894657209607914,2.802296662869246,0.7830721003134796,0.27165755256617663,0.7568526930816323,0.7580566146116163,0.8030766415742389,0.8324955665310871,0.2849324704923261,0.2398793830812379,0.28730619869532165,0.7090421526926989,0.4352765672758658,8.954561530075765,346,2.72556632564653,0.0226161936690158,0.29192256497676483,8.002401388083358,0.20412473189242697,0.2851539448325828,10.201374649194571,0.8312593432651166,0.7149377962777013,0.8030766415742389,40.749994686169316,2.8122004952038564,0.747882950809079,0.023627802746329835,0.27752862558282543,0.7620202294641519,0.02638372048936173,0.010869578376046435,0.9974396234104231,,,,,,,,negative,,,,
29,lastmamm:false_positive,3960,0.9883278355747273,0.16232723655621095,0.42105263157894735,0.0028910945266293207,-3.6444089173363783,0.049307388742233955,46,0.01976902173913043,0.5789473684210527,True,3895,0.11374688715408937,0.9845265151515151,19,-1.8365229236501546,0.7974785610223619,0.424775682913864,0.4508077416240707,-1.8558073692223456,0.1002170249149571,0.045240340799551325,11,0.6650021559882682,-0.5859646776545906,0.9863256520638136,0.33499784401173177,15.467029139650444,-0.7188907644525827,0.33499784401173177,0.4260252685629349,32.91694475848496,3903,-20.444753984842176,-1.0113211513608258,0.19444698556588402,-0.8014248947870904,-0.8049678385047938,0.9863636363636363,0.20252143897763808,-3.8164908279435057,0.3291069965092165,0.9844613491728275,0.9910763815682299,3941,-0.8868359789050384,0.9959652791368886,0.5789473684210527,-0.4179010616696682,0.7836376019978899,36.279966940816,0.7232781675710526,0.991442184194295,0.2894736842105263,0.9883278355747273,0.6695820266002402,0.005854472936715671,-0.20412473189242697,0.004797979797979798,31.772282063399743,24.39785933017552,-0.27042088108869505,0.12433518779165587,0.9979502946451447,57,0.007482542433908475,49.600686498855836,0.9889012243744235,-0.05080145016409238,0.19298245614035087,0.6824194680517065,0.012585812356979406,0.015538650827172934,74.98462406015038,0.5789473684210527,-0.28526147599758417,0.8796015362665764,0.8976931773955396,0.7974785610223619,0.9941895908005917,0.26938962172263736,-0.2398793830812379,0.011672164425272774,0.9833456954318276,0.2772218092894135,116.42663043478262,8,49.600686498855836,0.20369231530996235,0.014393939393939395,45.063614617940196,-0.20412473189242697,0.008557815805705036,380.3272081367924,0.9931157572667006,0.9889583333333334,0.7974785610223619,20.244799615641252,73.69242327365728,0.7836376019978899,0.10047222859745224,-0.27752862558282543,0.33499784401173177,0.3191097862685582,-0.6830282368602599,0.9991146803685126,,,,,,,,false_positive,,,,
30,menopause:postmenopausal_or_age_>=_55,175252,0.718949769059768,0.3792894769815362,0.21933085501858737,0.008767648734657029,-31.4771982326931,,48801,1.632704496415512e-05,0.7806691449814126,True,124837,0.02166883922388383,0.7176879579120352,1614,-21.36346661008325,0.8006413315839374,,0.11002787686778057,-29.73847928975511,0.37227558512821673,0.020300024913826823,1260,0.24032906716315147,,0.7174870108970527,0.7596709328368485,0.8771998720408993,-0.9711043748749355,0.7596709328368485,0.30507118084956764,0.935223175086125,125191,,-20.542491724765764,0.10159614680451065,-28.396137787395187,-0.9720030272320033,0.7195181795357543,0.19935866841606287,-22.502231751759705,0.10565175342854372,0.7168289446024718,0.8342150203779531,173638,-0.9730756693774819,0.9968623513652018,0.7806691449814126,,0.7498094570205903,2.713552381177575,0.7386406996453514,0.7210632812117445,0.04876632801161103,0.718949769059768,0.7396574525927493,1.567573857772645e-05,,0.009209595325588295,2.711277181752071,0.902841225224212,,0.3750038939831388,0.9971723206939797,50061,0.00966788946455436,2.777685477680427,0.7187796998044552,,0.02516929346197639,0.3381428875641565,1.5996990737513832e-05,0.2831710553975283,2.846911039520452,0.7806691449814126,,0.7590374863786389,0.7599614614484316,0.8006413315839374,0.8366896118417311,0.2876520876659612,,0.28105023094023196,0.7153597546244224,,9.105040567729404,354,2.777685477680427,0.02276227210452641,,8.319094734326535,,0.2789367187882588,10.160572082563851,0.8355079326303672,0.720950545500194,0.8006413315839374,,2.8483372587868696,0.7498094570205903,0.023814751844769094,,0.7596709328368485,0.02657926698986562,,0.9974588908889493,,,,,,,,,postmenopausal_or_age_>=_55,,,
31,nrelbc:0,144698,0.6951505179938371,0.3842729690982593,0.19523809523809524,0.008235491553145204,-35.72914949434406,1.7758226883120949,43727,1.887910142605957e-05,0.8047619047619048,True,99711,0.019939036113265547,0.6939283887821531,1260,-23.744985737989342,0.8263141758860274,0.17449202633735655,0.10560777280969151,-34.20577085791395,0.3779814867243033,0.018486778674157812,1014,0.21822218184350636,0.049029194507006955,0.6939603574510732,0.7817778181564936,0.7973416181415938,-0.9735801993846779,0.7817778181564936,0.2808572966348939,0.8668562809862412,99957,-0.5825747113155806,-22.432325653762906,0.09583589479984758,-33.196519222744044,-0.9748751657900097,0.6961049910848802,0.1736858241139726,-24.881686454284363,0.10049671413336266,0.692760795787393,0.8181333021053556,143438,-0.9761273028562296,0.9972118658490593,0.8047619047619048,0.09034920013967096,0.7499562113778709,2.5400920956522444,0.7402783669695016,0.6975323494643529,0.04408599813047543,0.6951505179938371,0.7389439422269384,1.7792918776841454e-05,0.10984665052461662,0.00870779140001935,2.561648650764557,0.8324956173615654,0.14075059386815192,0.38098626071701225,0.9975389417449503,44741,0.009199932617996948,2.6398664005131405,0.6965174739661574,0.15895477108650363,0.02266377595494066,0.3008665384674369,1.840423319143561e-05,0.30723920421260703,2.7135885084122724,0.8047619047619048,0.12975002985222037,0.7589671351851561,0.7609684805288033,0.8263141758860274,0.821161488545255,0.25050848620617805,0.1233414437488335,0.30484948200616296,0.6916399362799426,0.15812168081995276,9.399315709945354,246,2.6398664005131405,0.020982750523760536,0.30920261510179825,8.351804129517092,0.10984665052461662,0.30246765053564706,10.461455322130538,0.819334826105713,0.698433461416191,0.8263141758860274,4.118421237280459,2.718748963109086,0.749956211377871,0.021304580700468187,0.13508466000590247,0.7817778181564936,0.024085388398003484,0.0522673976494634,0.9978365882378528,,,,,,,,,,0,,
32,nrelbc:1,27504,0.817008128885129,0.35090473918202,0.305993690851735,0.010297792748812014,-16.75983842225161,0.6220051081201609,4975,0.00014697683489542398,0.694006309148265,True,22212,0.032916824809026315,0.8110320317044794,317,-12.425581139807612,0.7442886804226619,-0.015022286248568148,0.1497960646882814,-15.18655975282304,0.33292806146198706,0.028089763971041418,220,0.3599453524811094,-0.20580607481194757,0.8141035038850608,0.6400546475188905,1.2920426304543398,-0.9490948598723348,0.6400546475188905,0.3745295548886241,1.557722959867782,22309,-1.6315308050454196,-10.923809191357964,0.12304238469006236,-13.599563607707443,-0.953303567087367,0.8155904595695171,0.25571131957733806,-13.696439818582833,0.1393511694592863,0.8123597703123846,0.8932482467137375,27187,-0.957699304903573,0.9946983209414427,0.694006309148265,-0.1599190142943054,0.7555072190166969,3.4947843789485,0.7332347948566614,0.8215886365027386,0.07982583454281568,0.817008128885129,0.7299988770169409,0.00012853575006739585,-0.10784411490724777,0.011525596276905177,3.513402506254719,1.4196245508094703,-0.10578952537088682,0.3392765846727586,0.9956519790219194,5195,0.012858150782339279,3.7925526687063074,0.8185859507723915,-0.07798831587940928,0.04234841193455245,0.42632625345672953,0.00013949875560769146,0.1876402296876164,4.0820254140610714,0.694006309148265,-0.1280413228165484,0.7763036278137719,0.781015561016453,0.7442886804226619,0.8997717585241245,0.3233969845932093,-0.11205295954154412,0.18299187111487109,0.8088382205652002,-0.03351330415567877,10.126177278143295,97,3.7925526687063074,0.0353472677994152,0.18888161721931354,8.48959700713379,-0.10784411490724777,0.17841136349726186,12.782973009564207,0.8975270728947794,0.819362638161722,0.7442886804226619,2.8501266433990358,4.126689821204558,0.755507219016697,0.03703457269697803,-0.11478408383924563,0.6400546475188905,0.04818382490056104,-0.18575106850578232,0.996472675739753,,,,,,,,,,1,,
33,nrelbc:>=2,3050,0.9671423830069698,0.20815646158499057,0.2972972972972973,0.008555437158393759,-3.3102670068370457,0.14133008283389623,99,0.008755898213683855,0.7027027027027027,True,2914,0.14976871953921134,0.9549918032786885,37,-1.9400166844574414,0.8412745636203715,0.26308624772311495,0.4406574772018251,-2.0094814362985622,0.16493379630039304,0.11235439837404641,26,0.4697995349940668,-0.26817878886965185,0.9636243386243386,0.5302004650059331,7.655719884064985,-0.7298821861850878,0.5302004650059331,0.3073976515980634,13.77599356799897,2925,-7.154922563502891,-1.1703653443769364,0.3000678084799579,-1.288178611609642,-0.7882393162393163,0.9639344262295082,0.15872543637962847,-3.2007342791821003,0.3698766041419891,0.9601407594406504,0.9781112401999059,3013,-0.8585292943250427,0.993281083163839,0.7027027027027027,-0.3119132071696113,0.8349225428548362,16.480010801928497,0.7574538727209181,0.9732164090320895,0.32098765432098764,0.9671423830069698,0.7602015612322998,0.00554806021696754,-0.07979571200877478,0.012131147540983607,15.920988799760353,10.299028035028034,-0.23614862043749488,0.17779257296559886,0.9962393162393163,125,0.016682760885178474,21.386295386295384,0.9700042078712512,-0.001479285049650933,0.208,0.42097951069863765,0.007098007098007098,0.03985924055934962,26.529426984819825,0.7027027027027027,-0.2666057826989327,0.8967757279947054,0.909643524477373,0.8412745636203715,0.9835567850009164,0.18844565197523366,-0.16618553102435582,0.032857616993030206,0.9570303837488013,0.1164105224772212,69.57208448117538,11,21.386295386295384,0.2291851065455225,0.040983606557377046,35.287028506910644,-0.07979571200877478,0.026783590967910536,160.56511123680235,0.9814752441899629,0.9701475409836066,0.8412745636203715,7.3373729611482466,26.518082669288876,0.8349225428548362,0.14059908625205947,-0.24900141103823742,0.5302004650059331,0.289725545252675,-0.37410110032437616,0.9981212311201734,,,,,,,,,,>=2,,
34,rstproc:no,133913,0.6924987954709708,0.38585726509718726,0.2127659574468085,0.007600079477023239,-39.28617849900784,1.538962412382754,40846,1.9793627855856595e-05,0.7872340425531915,True,91986,0.017784304500645297,0.6917388528372899,1081,-25.818814682150304,0.8112852066246992,0.0852625371985356,0.09749560028856484,-37.30738257624803,0.38041936809017374,0.016947341273867142,851,0.23839139447736296,-0.04382889715274582,0.6913017991612932,0.7616086055226371,0.7598136704474465,-0.9760253681009069,0.7616086055226371,0.3072437942684155,0.8264646342442824,92216,-0.6748962203646611,-24.013434959762648,0.08709726789350415,-35.065629856096535,-0.9770967136722591,0.6932635367738755,0.18871479337530084,-26.945564618951302,0.09270605597893802,0.6900092612446745,0.8157347423227711,132832,-0.9786696640833893,0.9971623212366512,0.7872340425531915,0.04162647726480537,0.7398664190120812,2.5018252579563267,0.7293446678638005,0.6949799241155182,0.03978680630230492,0.6924987954709708,0.7275993079409545,1.8813010621844635e-05,0.01987944593030222,0.008072405218313383,2.4957798038985404,0.7915019827372136,0.11666582895402519,0.3846107305409316,0.997505855816778,41697,0.008566214024425143,2.5601006791466863,0.6930095437167503,0.09812218086158936,0.02040914214451879,0.35008399510143673,1.9273222409861222e-05,0.30999073875532546,2.6192242348876165,0.7872340425531915,0.10145086092362732,0.7557609597369633,0.7521335300832078,0.8112852066246992,0.819301073733601,0.28531998720692503,0.06621691445674012,0.3075012045290291,0.6888138078674629,0.07068132600833522,8.332473191989424,230,2.5601006791466863,0.01889357020612735,0.3113738023940917,7.51033967472088,0.01987944593030222,0.30502007588448177,9.487657511120634,0.8174789378265971,0.6945617677148597,0.8112852066246992,3.725339232637782,2.6453991646854407,0.7398664190120813,0.019073467099783817,0.10904670207719963,0.7616086055226371,0.02181217123858404,-0.033615305444978545,0.9978174700944391,,,,,,,,,,,no,
35,rstproc:yes,41339,0.8050531784541489,0.34070821319226896,0.2326454033771107,0.011828105013015348,-15.756022615042442,0.6497884496423235,7955,9.958196496883067e-05,0.7673545966228893,True,32851,0.04052326523888765,0.799507728779119,533,-11.536011929967625,0.8025962103977823,0.06771906869110188,0.17250509325145286,-14.35558408941627,0.3318950106726682,0.03656884187197616,409,0.27088167183926243,-0.0994928872945641,0.8026142193989738,0.7291183281607376,1.3987289506288694,-0.9433853267841731,0.7291183281607376,0.2889814109222361,1.599520693966946,32975,-1.5614833356381266,-10.579247920951923,0.15255363377977463,-13.280716252353962,-0.9473395276119286,0.8045671157986405,0.1974037896022178,-12.628900797708559,0.16074287330404496,0.8011755148283289,0.8886878337772494,40806,-0.9506533452173174,0.995518094776701,0.7673545966228893,-0.09611466133432679,0.7862038875385191,3.751817670541337,0.7710622876285477,0.8088873869424796,0.09194110374283465,0.8050531784541489,0.7681495197879121,9.241901131995387e-05,-0.01987944593030222,0.012893393647645081,3.796048412294813,1.4944428490031882,-0.10106808148617212,0.33512151443937194,0.9962395754359363,8364,0.01402788882166518,3.9362252256183052,0.8050291932538628,-0.02587654731465384,0.04890004782400765,0.33997355982783384,9.64619228941407e-05,0.19882448517167112,4.0334232671280414,0.7673545966228893,-0.11714611378795581,0.8005423482104747,0.8042582552891261,0.8025962103977823,0.893193114217775,0.2460645514553508,-0.06621691445674012,0.1949468215458511,0.7998488503200804,0.05328262156184102,13.62103262302062,124,3.9362252256183052,0.0432885353854964,0.20232710031689205,11.188948195062741,-0.01987944593030222,0.1911126130575203,15.999934954166232,0.890500264295686,0.8074590580323665,0.8025962103977823,2.840237403523383,4.08860217960903,0.7862038875385191,0.04437634659722393,-0.10904670207719963,0.7291183281607376,0.053741214381893526,-0.09002043319734296,0.9968713302771582,,,,,,,,,,,yes,
36,surgmeno:yes,40673,0.755862137415945,0.3693875073894543,0.24731182795698925,0.008243836053886297,-28.560645594624596,0.8382602620036113,9839,7.97800093188541e-05,0.7526881720430108,True,30462,0.023089365301763306,0.7525299338627591,372,-19.605665085286972,0.7957126231612648,0.02864941290276442,0.11996838965009324,-25.942657243490043,0.3569824632514619,0.020782076315092504,280,0.29440940870081483,-0.09535599618062143,0.7541405689104548,0.7055905912991852,0.969274549454186,-0.9666559641792949,0.7055905912991852,0.3271917135609817,1.1355086950572926,30554,-1.2136676645404485,-17.56313479544829,0.09883950887950255,-23.77803768863206,-0.9693182191682026,0.7558331079585966,0.20428737683873524,-21.643807318731092,0.11198515850363008,0.7516373810107397,0.8577475576029645,40301,-0.9734591291427956,0.9963084586805526,0.7526881720430108,-0.07738046624159944,0.7542751547294779,2.8917422875919057,0.7366286289719945,0.7600500004581733,0.0533790868363359,0.755862137415945,0.7322238720928146,7.330087430151734e-05,-0.036361747441691294,0.009146116588400166,2.870404113959425,1.0568637088682504,-0.039123497425151685,0.36286308664105055,0.9969889376186424,10119,0.01011947586868095,3.0830456369047035,0.7568756589337581,0.005320950615290487,0.027670718450439766,0.3936430572899991,7.650047484937602e-05,0.24836261898926026,3.274440400893507,0.7526881720430108,-0.056373563534924356,0.7720011366627157,0.7763264373661413,0.7957126231612648,0.8622071163163635,0.26665734298021343,-0.04221542458305892,0.24413786258405498,0.7499403680447642,0.06129961547864535,9.422749749223366,92,3.0830456369047035,0.025594017913484746,0.24878912300543357,7.741554237949646,-0.036361747441691294,0.23994999954182608,13.087924497567185,0.8598405193705455,0.7605327858776092,0.7957126231612648,2.8781872628146594,3.1913479111310754,0.7542751547294778,0.02456190865466984,-0.048003095691391356,0.7055905912991852,0.031055181448352023,-0.12831635858848148,0.9975719893785303,,,,,,,,,,,,yes
37,surgmeno:no,98626,0.6482752263509362,0.4031015593757049,0.19494949494949496,0.009425159972304392,-36.29752912024715,1.8293871960082877,34341,2.4104741797783086e-05,0.805050505050505,True,63295,0.020217040533987346,0.6466821629185002,990,-22.172695242812825,0.8292966840332323,0.11891407074656755,0.10061586281757944,-34.236529786372074,0.39480397310438364,0.018803783247567724,797,0.2210245287695531,0.006851394517425863,0.6469962894438255,0.7789754712304469,0.6297285423432077,-0.9725796815324473,0.7789754712304469,0.30072026050855344,0.6856330421305313,63488,-0.570495462000697,-21.258431429291903,0.0878108614127477,-32.08002908952572,-0.9742780587448177,0.6498489242187658,0.17070331596676738,-23.37458330266434,0.09436232115428234,0.645270545877668,0.7833073680061049,97636,-0.976028262778906,0.9965004030307425,0.805050505050505,0.08449820745124695,0.7266628657007206,2.2183836254411062,0.7146889440855109,0.6512710961287177,0.044120903454384415,0.6482752263509362,0.7142273169104325,2.265685238655923e-05,0.0630633255633255,0.01003792103502119,2.232379292142074,0.6572934436352368,0.16598816464891175,0.39794667218756563,0.9969600554435484,35138,0.010679748391748893,2.2888649460152912,0.6496122317413298,0.1400308227380065,0.02268199669873072,0.3332009446990427,2.3442838154116218e-05,0.354729454122332,2.363509260138656,0.805050505050505,0.15566879093354055,0.7369214971707131,0.7390984144910087,0.8292966840332323,0.787422729688041,0.27190862617926176,0.11226497405555128,0.35172477364906385,0.644929301631567,0.1174438469227037,7.611276147954084,193,2.2888649460152912,0.021572613104065597,0.35627522154401475,6.738204299796443,0.0630633255633255,0.3487289038712823,8.918972918317584,0.7856681810282764,0.6524980735303064,0.8292966840332323,4.21102551213196,2.3602658224222677,0.7266628657007206,0.021150568379336286,0.16152409268435877,0.7789754712304469,0.024293003851605554,0.01766167975985692,0.9973733038362825,,,,,,,,,,,,no
38,surgmeno:9,35953,0.8705638497521078,0.3046635636779494,0.27380952380952384,0.006172902940570255,-21.0208252672977,0.41127290680836426,4621,0.00016621695661345916,0.7261904761904762,True,31080,0.0295821316912263,0.8656030094846049,252,-15.439322761400568,0.7802758039235758,0.042212434895821986,0.158529678576722,-17.742479980330458,0.29021640760978534,0.025599551076623782,183,0.33330232375574026,-0.19093923499153043,0.8688845401174168,0.6666976762442597,2.051572612317125,-0.9537224494525083,0.6666976762442597,0.31451974934117793,2.4860494706674623,31149,-2.456434391622335,-13.554290338332796,0.13262245701446518,-14.920418970273412,-0.9596915849845185,0.8695519150001391,0.21972419607642424,-17.72460370479149,0.14632296172830594,0.86703762784028,0.9283667004658406,35701,-0.9665260226103815,0.9971973988717746,0.7261904761904762,-0.1759566188829692,0.7983771629712919,5.247640822746806,0.7662392362228113,0.8740296702940022,0.07238924050632911,0.8705638497521078,0.7707399486873814,0.00014652406709714713,-0.06455842248793797,0.007009150835813423,5.003520169606485,2.3253615425516916,-0.18469154691268466,0.29685646296668916,0.9977848406048349,4804,0.007926452392893461,5.610414670087901,0.8714818332414132,-0.09747727985161139,0.0380932556203164,0.3780817174512267,0.00015715007058872022,0.13296237215971993,5.972378350999729,0.7261904761904762,-0.1999104020385791,0.8204507840473371,0.8260143772552027,0.7802758039235758,0.9313087288303781,0.27942536884420954,-0.1277067098239602,0.1294361502478922,0.8650834621286373,0.07910220569848063,17.838036186407987,69,5.610414670087901,0.03667058029522927,0.13361889133034796,13.438620566948403,-0.06455842248793797,0.12597032970599784,25.425980479263245,0.9298429319371728,0.8720336272355576,0.7802758039235758,3.245490504651712,6.021013724001531,0.798377162971292,0.03285858425648563,-0.1912721703427437,0.6666976762442597,0.043898375851709526,-0.194250833392351,0.9982760774767387,,,,,,,,,,,,9
